id,domain,status,purchase_price,renewal_price,attractiveness,demand,length,registrar,created_at,expires_at,status_verified_at
beb2a1dc-240c-4adb-8528-8d2bdf4d5793,accusal.fit,available,2.99,32.49,medium,low,7,namesilo,,,16/09/2026 23:22
851403a0-5333-489a-a9d0-6d1aa14db610,ineptitude.fit,available,2.99,32.49,medium,low,10,namesilo,,,21/09/2026 10:06
8bed22e8-1878-4856-bdac-5117fd234628,esthetics.fit,available,2.98,45.98,high,low,9,namecheap,,,17/09/2026 13:38
d155af88-9a51-4fb0-99d8-33304047cc0a,haunted.fit,available,2.98,45.98,medium,low,7,namecheap,,,21/08/2026 01:31
64ee143e-1090-48a0-9985-18fd64b6d190,venomous.fit,available,2.98,45.98,medium,low,8,namecheap,,,13/09/2026 02:08
a703ec34-8eda-4f8f-82db-dc1060b456ed,tigerish.fit,available,2.98,45.98,medium,low,8,namecheap,,,11/09/2026 15:51
f2001734-fe52-4532-b89b-b89b30677816,kelso.fit,available,2.99,32.49,medium,low,5,namesilo,,,29/09/2026 22:10
98b70468-18d0-4986-8b8b-d0f855da6734,beheaded.fit,available,2.98,45.98,medium,low,8,namecheap,,,09/08/2026 10:21
bd6c5288-ad31-4214-8e90-f02da688e652,aortic.fit,available,2.98,45.98,medium,low,6,namecheap,,,05/08/2026 21:54
8d045f64-2ee9-4302-b06a-14f77f2802ce,swans.fit,available,2.99,32.49,medium,low,5,namesilo,,,01/10/2026 16:56
317fa751-9306-4988-9b1d-e76e26fdec3f,luanda.fit,available,2.98,45.98,medium,low,6,namecheap,,,19/09/2026 06:58
31fa20d4-f8ae-40ff-9be6-ced95c8a3975,diatomic.fit,available,2.98,45.98,medium,low,8,namecheap,,,14/08/2026 06:19
65770c35-ed97-4a62-b490-df563b2d29a1,indigene.fit,available,2.98,45.98,medium,low,8,namecheap,,,03/09/2026 13:49
26527a07-4076-4f2e-b6df-cb57ebf501e8,penetration.fit,available,2.98,45.98,medium,low,11,namecheap,,,08/09/2026 15:09
f5135b14-b261-42ec-a1ac-7ce16738d578,pcp.fit,premium,512,29.5,high,low,3,namesilo,,,19/09/2026 05:52
0cba426c-451b-4a81-b970-e0f281b94613,pimiento.fit,available,2.99,46.99,medium,low,8,name.com,,,23/09/2026 05:38
95ba95a0-9faa-488c-83e0-894a30255fa5,homesteads.fit,available,1.75,26.08,medium,low,10,spaceship,,,30/09/2026 07:32
2e81b893-0fef-4212-9487-f208496a44cf,conception.fit,available,2.99,46.99,high,low,10,name.com,,,24/09/2026 17:07
26e75027-2dea-44a3-9b5e-c44f8c418856,zipper.fit,available,1.75,26.08,high,low,6,spaceship,,,01/10/2026 03:44
ccf6643f-1324-466e-a4bc-ec66e13627e6,dabbled.fit,available,2.99,46.99,medium,low,7,name.com,,,13/08/2026 15:12
587651d9-2dfb-45c7-bbab-6fb4c5743ec8,cease.fit,available,25.2,25.2,medium,low,5,cloudflare,,,27/09/2026 12:23
b4472b29-a170-434a-8643-1aa7252a5d80,beekeeping.fit,available,2.99,32.49,high,low,10,namesilo,,,19/09/2026 17:24
2cf7e463-6209-4c72-b185-3c6397a36e28,bands.fit,available,2.99,32.49,medium,low,5,namesilo,,,16/09/2026 12:26
336cb82b-031e-4412-8210-bbd917e8bb10,bosses.fit,available,2.98,45.98,medium,low,6,namecheap,,,18/09/2026 05:55
b6b91790-d960-4ec6-ad9b-70aee36d2d40,backhand.fit,available,2.98,45.98,high,low,8,namecheap,,,08/08/2026 05:43
7eeff5f9-15ce-4b74-b351-6aa6cc2640cd,occupancy.fit,available,2.99,32.49,high,low,9,namesilo,,,02/10/2026 05:49
61696c50-31d6-4615-be5d-84f1a4c1a041,aesthesia.fit,available,2.99,32.49,medium,low,9,namesilo,,,17/09/2026 13:26
e990bab3-761c-44ba-9b82-50ce9d953c1e,ballads.fit,available,1.75,26.08,medium,low,7,spaceship,,,02/10/2026 13:40
276fda36-cc91-492c-a7cc-19f2079d73ae,indecorous.fit,available,2.98,45.98,medium,low,10,namecheap,,,22/08/2026 02:18
e35e700e-6057-4f33-99ad-62afa1f83339,keene.fit,available,2.99,32.49,high,low,5,namesilo,,,28/09/2026 03:36
b801a7f9-1ca6-458d-9bd7-06b595bf1df3,reference.fit,premium,500,,high,low,9,name.com,,,28/09/2026 18:25
e819dc61-c1fa-46f5-b281-fa3734752d39,unlighted.fit,available,2.98,45.98,medium,low,9,namecheap,,,12/09/2026 13:01
29b568b4-b908-44f7-a00d-15713cc410e4,plunge.fit,available,2.98,45.98,high,low,6,namecheap,,,10/09/2026 19:52
96299846-7491-4597-b676-317e6df99e26,sedulous.fit,available,2.98,45.98,medium,low,8,namecheap,,,07/08/2026 06:14
f2a0ad6d-b357-4586-a77c-2585e90cd28c,pornographic.fit,available,1.75,26.08,medium,low,12,spaceship,,,29/09/2026 20:53
57273f6d-d6ec-46dd-82ab-74f24ac860e8,shaved.fit,available,2.98,45.98,high,medium,6,namecheap,,,10/09/2026 06:08
195f520d-f973-4599-bd7c-dbf24beb18b2,sappy.fit,available,2.98,45.98,medium,low,5,namecheap,,,12/08/2026 14:56
4416852b-7514-4b07-ba73-3574d76d6c9a,spousal.fit,available,2.98,45.98,high,low,7,namecheap,,,11/08/2026 03:56
b019b080-cb61-4b1b-80f1-a0ce474cca21,optimal.fit,resell,,,high,low,7,Dynadot Inc,21/01/2026 00:00,21/01/2027 00:00,26/09/2026 07:55
b40e6999-8f21-47ed-ac83-02c4c75c85a3,festivity.fit,available,1.75,26.08,high,low,9,spaceship,,,02/10/2026 02:33
502ebea2-1a0b-4151-a874-87f506ad367c,sweet.fit,resell,,,high,low,5,West263 International Limited,28/04/2020 09:23,28/04/2027 09:23,03/10/2026 00:31
22b3241f-85fc-4e38-8276-0df7bb835eba,eleanor.fit,premium,96,29.5,high,low,7,namesilo,,,28/09/2026 03:53
b2f51d1e-6f36-4255-b0ac-7bcc46e46fa1,knotty.fit,available,2.98,45.98,medium,low,6,namecheap,,,08/08/2026 08:12
f9b4c7a1-ad2d-477e-804a-30972ff0f8fb,daniela.fit,available,2.99,32.49,medium,low,7,namesilo,,,02/10/2026 01:34
ccd6c378-91f0-4e14-ba89-6a082205b06d,pureblood.fit,available,2.98,45.98,medium,low,9,namecheap,,,08/09/2026 13:00
72add723-4336-4d8d-9c65-956b677178d9,araceae.fit,available,2.99,32.49,medium,low,7,namesilo,,,19/09/2026 23:36
d1b594c1-8464-45b0-95c5-010bd0241fb5,aspiration.fit,available,2.99,32.49,high,low,10,namesilo,,,18/09/2026 16:53
8864d557-04cf-4087-8166-4717dd664ece,underneath.fit,available,2.98,45.98,high,low,10,namecheap,,,16/09/2026 09:57
2babf2e7-b193-4694-8652-1642e4f83fe2,administration.fit,available,2,26.97,high,low,14,dynadot,,,02/10/2026 12:30
8fce9d07-239c-4ea7-a9a1-6ec458d1a0db,lorraine.fit,premium,104,32.5,high,low,8,namecheap,,,25/09/2026 09:09
80347bff-aad3-4ea0-bed4-ab67982f4907,sharpness.fit,available,2.99,32.49,medium,low,9,namesilo,,,24/09/2026 23:08
931a174f-f136-4780-83d9-7e8b00289109,disneyland.fit,available,2.99,32.49,high,low,10,namesilo,,,29/09/2026 16:04
95d3d400-80cc-42ca-8b5b-c49d90fdf094,zealously.fit,available,2.99,32.49,medium,low,9,namesilo,,,16/09/2026 11:50
150e477c-4cc9-4875-a56a-edc18ed0b95a,choices.fit,available,2.99,32.49,medium,low,7,namesilo,,,17/09/2026 06:36
0b09f173-0410-41b3-8026-a290c43c5157,airily.fit,available,2.98,45.98,low,low,6,namecheap,,,13/09/2026 18:31
3f38f2b6-9034-447f-9280-85a2765237a6,fleas.fit,available,2,26.97,low,low,5,dynadot,,,02/10/2026 13:48
87550c69-fa6d-4186-a608-41cc795c0519,bryson.fit,premium,,,medium,low,6,,,,29/09/2026 15:28
77f12895-ec0b-467d-b35f-14b95b092c48,unwashed.fit,available,2.98,45.98,medium,low,8,namecheap,,,08/09/2026 21:02
97bc097e-0336-4c32-9fe1-fb6d13dd42ea,footer.fit,available,2.98,45.98,high,low,6,namecheap,,,08/09/2026 12:38
04b2e79c-0e50-47b2-b427-68edd11bc144,barong.fit,available,2.99,32.49,medium,low,6,namesilo,,,22/09/2026 07:38
8f33ed89-0ba2-4780-a8b8-50358b93243f,nicer.fit,available,1.75,26.08,medium,low,5,spaceship,,,02/10/2026 10:26
f08e23d9-3c5e-47d1-a0f5-737dbf8becb0,garnering.fit,available,2.99,32.49,high,low,9,namesilo,,,30/09/2026 11:55
2a303849-bdb6-4f60-84fd-d780c021f41e,get.fit,resell,,,high,high,3,Epik LLC,22/06/2017 09:21,22/06/2027 09:21,03/10/2026 05:26
cfdbba15-97af-45fa-96e8-bf539b5544a9,fermented.fit,available,2.98,45.98,high,low,9,namecheap,,,03/10/2026 02:54
591cac74-bd9b-4fd9-b5d0-fe56c43a739e,drippage.fit,available,2.98,45.98,medium,low,8,namecheap,,,14/09/2026 14:34
c99bda91-4e03-4a4c-ba3a-173fa25be6e1,deteriorate.fit,available,2.99,32.49,medium,low,11,namesilo,,,01/10/2026 22:25
ee2fcc5c-a3a3-495f-9bd5-bc05c1c85959,khalil.fit,available,2.99,32.49,medium,low,6,namesilo,,,29/09/2026 22:35
d493d776-bc41-492f-a0ad-b20dd2a93fd0,exemplary.fit,available,2.98,45.98,high,low,9,namecheap,,,21/09/2026 18:58
96794f14-3239-4707-8826-63cbee445f7e,roundness.fit,available,2.98,45.98,medium,low,9,namecheap,,,16/08/2026 12:39
61e2ac9d-35ea-40f9-aa5b-78f0be8f5f5f,tel.fit,premium,828.2,26.08,high,low,3,spaceship,,,01/10/2026 11:20
d9e01b07-0318-476a-9fed-f3e0f9ff90c6,discard.fit,available,2.99,32.49,high,low,7,namesilo,,,29/09/2026 15:21
b1183eb2-0efb-4e55-af74-c55c445fff77,graduated.fit,available,2.98,45.98,high,low,9,namecheap,,,11/08/2026 14:18
7ebdab0d-3af0-4167-8cd5-594e5a53ca46,steakhouse.fit,available,2.99,32.49,high,low,10,namesilo,,,24/09/2026 14:46
d79e1794-a367-4031-839b-b61c1c5d4af6,aims.fit,resell,,,medium,low,4,,,,30/09/2026 06:57
d43a4a8e-08ea-462b-bdaa-e7e97c2cd011,adage.fit,available,2.99,32.49,high,low,5,namesilo,,,17/09/2026 06:09
0ef9c50f-ec5d-4afc-a9d0-6abb0bac238d,mountaineer.fit,premium,828.2,26.08,high,low,11,spaceship,,,30/09/2026 19:54
a76683fb-189b-4983-82f5-1178183b847b,enceinte.fit,available,2.98,45.98,medium,low,8,namecheap,,,16/08/2026 22:09
0116e2d8-b624-428d-bdc7-8daa503328b8,reluctantly.fit,available,1.75,26.08,medium,low,11,spaceship,,,30/09/2026 11:53
7f3e54bf-a3ab-415d-94bf-87d61c4349d4,narrowly.fit,available,2.98,45.98,medium,low,8,namecheap,,,15/09/2026 16:08
07202d07-f573-4241-bf68-004ffb7fde93,declan.fit,available,2.99,32.49,high,low,6,namesilo,,,02/10/2026 00:13
25ac73e6-e2d9-400e-97b2-d9609d8f347d,gateway.fit,resell,,,high,medium,7,,,,28/09/2026 14:15
2252e2da-0f9b-4cf0-a72e-e0fc89215b90,innately.fit,available,2.98,45.98,medium,low,8,namecheap,,,15/09/2026 08:27
45e98bba-f492-44b2-8c90-2f992c00c69d,hotter.fit,available,25.2,25.2,high,low,6,cloudflare,,,29/09/2026 08:52
94141665-bc68-432f-9e5d-0fe1005d3099,lakers.fit,available,1.75,26.08,high,medium,6,spaceship,,,02/10/2026 01:56
093f38f6-bb16-4835-99ab-0eb0987399fc,alcazar.fit,available,2.99,32.49,medium,low,7,namesilo,,,18/09/2026 03:51
7c8fa966-da38-4ddf-a4ac-6c21ea7c97e3,gilbert.fit,premium,96,29.5,high,low,7,namesilo,,,18/08/2026 23:22
6c6ea560-cda9-4736-b889-b9f4b45505c7,takeshi.fit,available,1.75,26.08,medium,low,7,spaceship,,,02/10/2026 20:09
8922ff3d-f88c-47a7-b634-8951666d1b65,yuman.fit,available,2.98,45.98,medium,low,5,namecheap,,,13/09/2026 14:54
4b216024-c8e4-4975-9c1e-9b8fca8d60ad,cassini.fit,available,2.98,45.98,high,low,7,namecheap,,,02/10/2026 20:31
c271c50c-942e-4641-b8ea-3d3ed810f433,acceptance.fit,available,2.99,46.99,high,low,10,name.com,,,16/09/2026 22:01
27b744e9-fbb9-468c-af05-75eeb2db018e,awakening.fit,available,1.75,26.08,high,low,9,spaceship,,,28/09/2026 23:36
ae51de2b-3857-4cec-bb3a-ffa59e5c32d1,idempotent.fit,available,2.98,45.98,medium,low,10,namecheap,,,21/08/2026 18:03
2aab21ad-07e5-4e71-9a6b-d19adab0961a,adulteress.fit,available,2.99,32.49,medium,low,10,namesilo,,,17/09/2026 10:20
8d7e7d0d-42c8-4232-9016-6bef37e9c262,recherche.fit,available,2.98,45.98,medium,low,9,namecheap,,,09/09/2026 11:27
6f8a3c96-ad78-4ba9-8ee2-120aa5030a16,devilish.fit,available,2.98,45.98,medium,low,8,namecheap,,,14/08/2026 05:06
ea934771-ddcd-4ccb-ab7f-c8cd5cfc7a4e,jars.fit,premium,44.19,27.82,medium,low,4,porkbun,,,30/09/2026 07:13
f9c9ef13-1fa7-4420-a980-42d8e94267ed,reynolds.fit,premium,96,29.5,high,low,8,namesilo,,,25/09/2026 10:19
d9200c5d-a3a1-4919-a774-7aebcf1162f1,nations.fit,available,2.99,32.49,medium,low,7,namesilo,,,27/09/2026 22:54
c962dc56-ccb1-4326-b5bd-20973f6805ea,ayn.fit,premium,414.2,26.08,high,low,3,spaceship,,,03/10/2026 03:51
279e247d-2763-4674-9279-5c47a111dc4b,framing.fit,available,26.97,26.97,high,low,7,dynadot,,,29/09/2026 01:00
b89c68a4-4354-44c8-b117-55a96a69ec52,robots.fit,resell,,,high,medium,6,"DNSPod, Inc.",07/06/2026 00:00,07/06/2028 00:00,02/10/2026 14:01
1cf16de3-7371-437f-b782-82f11f013c98,birthplace.fit,available,2.98,45.98,high,low,10,namecheap,,,23/09/2026 21:18
8935bbf7-fc98-439d-84b2-ec5bff7fed73,grenville.fit,available,1.75,26.08,medium,low,9,spaceship,,,29/09/2026 04:31
4e105da9-e04e-48be-afbc-44e40a7491f9,cyclone.fit,available,1.75,26.08,high,low,7,spaceship,,,30/09/2026 09:19
e5ea773f-20d1-438d-b749-3153c492873a,redheaded.fit,available,2.98,45.98,high,medium,9,namecheap,,,09/09/2026 12:21
cfed6e25-cf51-42f1-86cc-dfcaabc76413,undermining.fit,available,2.06,26.26,medium,low,11,porkbun,,,01/10/2026 15:46
58b40988-5934-426f-8841-7d6cb578ec5e,macmillan.fit,available,2.99,32.49,high,low,9,namesilo,,,25/09/2026 12:59
9cce3169-9c6b-49f7-9b4f-547428a74e07,cathouse.fit,available,2.98,45.98,medium,low,8,namecheap,,,21/09/2026 18:24
263df9fd-2978-4352-80e2-326b7d45ec34,clog.fit,premium,47.2,29.5,medium,low,4,namesilo,,,24/09/2026 15:50
d34829a9-f2ca-42c8-b867-7ab116d8732d,kashmiri.fit,available,2.98,45.98,medium,low,8,namecheap,,,22/08/2026 15:07
9ef725b8-9c8d-4978-8425-84c54706273c,dancers.fit,premium,47.2,29.5,high,low,7,namesilo,,,20/09/2026 05:50
536a0fc8-18f9-45a6-9400-100671e55424,sdi.fit,premium,,,high,low,3,,,,02/10/2026 07:04
11c8674f-1943-4c47-930e-49bb9420c466,bleaching.fit,available,2.99,32.49,high,low,9,namesilo,,,02/10/2026 21:45
1a274de4-b2ff-43a7-9fb3-4a7b4f204aa3,laws.fit,premium,207.2,26.08,high,low,4,spaceship,,,30/09/2026 02:25
ce3a9b9f-15cc-491b-b549-60f057cb7a95,unstrung.fit,available,2.98,45.98,medium,low,8,namecheap,,,12/09/2026 20:39
512aa476-0afa-4b6d-ae99-04df4d8ccca5,grizzly.fit,resell,,,high,low,7,"Spaceship, Inc.",15/04/2026 20:36,15/04/2027 20:36,26/09/2026 06:30
3c2c1647-da98-4607-9faf-8d19d5938a70,finch.fit,available,1.75,26.08,high,low,5,spaceship,,,29/09/2026 06:55
a839d635-eec9-4cc0-970e-b1bd868db772,benzoate.fit,available,2.98,45.98,medium,low,8,namecheap,,,23/09/2026 08:56
823b8e36-f233-4748-88d9-97975b3ff97a,surfaces.fit,available,2.99,,medium,low,8,name.com,,,
15b1483f-3348-4296-b716-b24a4540b596,counteract.fit,available,25.2,25.2,high,low,10,cloudflare,,,03/10/2026 00:13
8cb8360c-d1eb-4c05-a67e-137d4d96a59c,permitting.fit,available,1.75,26.08,high,low,10,spaceship,,,02/10/2026 07:24
0295201d-4358-4b80-beb8-ab65b78656f1,clones.fit,available,1.75,26.08,medium,low,6,spaceship,,,01/10/2026 07:39
4e041f71-c766-435d-bc77-68e056b12c3f,lott.fit,premium,47.2,29.5,medium,low,4,namesilo,,,29/09/2026 04:28
05bfb389-97f2-4346-b2e5-1db4f89e359f,transitional.fit,available,2.98,45.98,medium,low,12,namecheap,,,30/09/2026 23:21
b129a8f4-227e-4a06-9f97-ac914e8a55ff,stella.fit,premium,512,29.5,high,medium,6,namesilo,,,27/09/2026 04:03
3de743c8-b707-4ee6-b8ec-83854dfcfb4f,busiest.fit,available,2.99,32.49,high,low,7,namesilo,,,02/10/2026 03:59
0261815d-046b-4bb5-a4a5-068f9f4544aa,destroyed.fit,available,2.99,32.49,medium,low,9,namesilo,,,24/09/2026 07:01
603f48a4-aeec-46ba-93ef-7709326ff16f,pedigree.fit,available,2.98,45.98,high,low,8,namecheap,,,08/09/2026 13:15
c865b742-a27d-42f1-89ab-492044d56709,telephonic.fit,available,2.98,45.98,medium,low,10,namecheap,,,11/09/2026 10:20
24085bad-e46a-4bca-8fae-ef557f9c5494,darnel.fit,available,2.98,45.98,medium,low,6,namecheap,,,22/09/2026 21:10
b6d7095f-8030-4b56-b365-42f04eb9ae8f,baines.fit,available,2.99,32.49,medium,low,6,namesilo,,,30/09/2026 21:38
4e920b49-98e5-42f7-b989-0c45f3d1c2f5,aril.fit,premium,47.2,29.5,medium,low,4,namesilo,,,20/09/2026 05:30
3f47ad9f-534e-43b0-95c7-4a6b06094818,mlc.fit,premium,414.2,26.08,high,medium,3,spaceship,,,02/10/2026 18:10
5ba2fcfd-411e-49c4-92eb-5acbed1e4130,grieve.fit,available,1.75,26.08,medium,low,6,spaceship,,,01/10/2026 21:44
33a83ebe-5a4e-44be-a1fb-af3b788a4d87,assuring.fit,available,2.98,45.98,medium,low,8,namecheap,,,07/08/2026 08:31
e6f647f8-1be5-4c7e-90f2-13dc492704c3,descriptive.fit,available,2.99,32.49,high,low,11,namesilo,,,30/09/2026 11:37
66fcc389-0016-4ad8-adb1-33463e8b6006,berliner.fit,available,2.99,32.49,high,low,8,namesilo,,,23/09/2026 09:38
6a42a783-ec98-426c-a164-3926a6b2bb52,joyous.fit,available,2.98,45.98,high,low,6,namecheap,,,22/08/2026 14:06
ec0a88da-1534-469c-b727-3286001eb1b5,prenatal.fit,available,2.99,32.49,high,low,8,namesilo,,,22/09/2026 05:55
26720fd1-1daa-413f-8654-dc07179eb414,request.fit,resell,,,high,low,7,"Spaceship, Inc.",24/03/2026 19:52,24/03/2027 19:52,28/09/2026 22:34
8a296d9a-0910-4b0a-bfa1-8dc80b469bfa,wares.fit,available,1.75,26.08,medium,low,5,spaceship,,,30/09/2026 20:59
06f5f320-3a06-4ad4-8a9d-a98d6f33f9f2,courage.fit,resell,,,high,low,7,"NameCheap, Inc.",17/11/2025 09:51,17/11/2026 09:51,29/09/2026 04:01
8318a7b4-2485-4b36-95a4-2a66fbda2870,honeymooning.fit,available,2.99,46.99,high,low,12,name.com,,,21/09/2026 06:04
e9209a00-dd55-4db6-aecf-46427f972426,rejoice.fit,premium,44,26.97,high,low,7,dynadot,,,30/09/2026 17:44
a9b823e2-5cb7-40b1-b466-c8d760f3cf23,drunken.fit,available,2.98,45.98,medium,low,7,namecheap,,,09/08/2026 19:02
de7ea527-6af3-4347-af35-5113710987a8,shelley.fit,available,1.75,26.08,medium,low,7,spaceship,,,28/09/2026 10:20
5a1cb5c3-905f-4c2a-9264-5d48b64d5d7b,grasp.fit,resell,,,high,low,5,"Spaceship, Inc.",27/01/2026 20:09,27/01/2027 20:09,26/09/2026 06:28
d8d35372-8ad1-4240-b64e-b888625eab77,ramayana.fit,available,1.75,26.08,medium,low,8,spaceship,,,01/10/2026 21:26
9f5e8527-95d5-48b0-a839-bfe962129b02,cadastral.fit,available,2.98,45.98,medium,low,9,namecheap,,,11/08/2026 12:39
6bad579b-22d6-48ef-96de-a05c41014c90,miserable.fit,available,2.98,45.98,high,low,9,namecheap,,,
0bb66d6f-d6bb-4bcc-bc7d-3d642026052f,licence.fit,available,25.2,25.2,high,low,7,cloudflare,,,01/10/2026 02:54
76e7c3c5-9335-45b4-b1fe-f02d12a6631d,ray.fit,resell,,,high,low,3,"GoDaddy.com, LLC",17/08/2020 09:34,17/08/2028 09:34,26/09/2026 08:30
1f4fd2aa-19c3-467d-a301-8e23146f4de0,preacher.fit,available,1.75,26.08,high,low,8,spaceship,,,27/09/2026 15:23
b9bd4daf-53b6-43d9-87b4-500d3988baed,usual.fit,available,2.99,32.49,high,low,5,namesilo,,,28/09/2026 10:03
008e07df-5aee-48ec-b9d2-9014352a7ad0,imaginary.fit,available,2.98,45.98,high,low,9,namecheap,,,21/08/2026 20:16
04aa0423-e12d-4e08-b2f6-15e8a6015cf9,sequential.fit,available,2.98,45.98,high,low,10,namecheap,,,10/09/2026 04:27
3d28c350-f582-4748-ba07-880f2b79f412,anodic.fit,available,2.98,45.98,high,low,6,namecheap,,,
be8a2108-8c42-4cee-a18b-5f4fae733f6b,hearn.fit,available,2.98,45.98,high,low,5,namecheap,,,29/09/2026 15:40
a7715155-1c84-4ca6-88ef-fbf4bba7884e,earthman.fit,available,2.98,45.98,medium,low,8,namecheap,,,11/09/2026 10:45
f3b4c502-c81d-4f17-b661-bd98d63ca4ca,developed.fit,available,2.99,32.49,high,low,9,namesilo,,,24/09/2026 07:51
84d3cb09-e456-4cb0-a821-8e99c7b47d75,tinny.fit,available,2.98,45.98,medium,low,5,namecheap,,,11/08/2026 09:06
0ed8ebcf-68a6-4932-9645-6f12d811e6ed,bow.fit,premium,2660,29.5,high,low,3,namesilo,,,23/09/2026 01:50
c2ac789e-341e-4166-a292-e86e1575bb8c,spite.fit,available,2.99,32.49,high,low,5,namesilo,,,23/09/2026 22:22
879f40b8-b2f8-44bc-89c4-047c16336758,complain.fit,available,2.98,45.98,high,low,8,namecheap,,,27/09/2026 03:57
7d6f7574-6ff2-45b5-bb5e-0d6f7371ef85,thinly.fit,available,2.98,45.98,medium,low,6,namecheap,,,11/09/2026 13:26
bbaa264b-8190-4010-ab7c-a421810a2601,jaw.fit,premium,520,32.5,high,low,3,namecheap,,,27/09/2026 03:31
9c0eb433-c333-4081-95c6-a83f5cad75d6,spiny.fit,available,2.98,45.98,medium,low,5,namecheap,,,08/08/2026 17:49
b214ca29-57d8-4ec8-a1ce-80f4609f88a1,repairing.fit,available,2.99,32.49,high,low,9,namesilo,,,01/10/2026 05:59
38d9aa28-ec71-4b1c-8f95-d7f5601d0014,taurine.fit,available,2.98,45.98,medium,low,7,namecheap,,,11/09/2026 09:15
3af513b7-c0bb-4d2f-8212-ca3271637652,hostel.fit,resell,,,high,low,6,"Spaceship, Inc.",03/07/2026 16:34,03/07/2027 16:34,26/09/2026 06:44
c4579d7f-bc5b-4d91-82a7-cbe3d1f892f6,angled.fit,available,2.98,45.98,medium,low,6,namecheap,,,
237ef65a-3094-4e2a-85bf-ec366e42a19d,fissure.fit,available,2.98,45.98,high,low,7,namecheap,,,13/08/2026 04:18
58aa7b72-2615-4a8b-9784-ed5f143a2654,behaving.fit,available,25.2,25.2,high,low,8,cloudflare,,,30/09/2026 04:04
4c75ba6b-d99b-46d0-a421-410b0926cd16,wastes.fit,available,2.99,32.49,medium,low,6,namesilo,,,17/09/2026 07:45
6ba6cecc-fbf1-4b32-ba3b-7b5e8b51556f,baseness.fit,available,2.99,32.49,medium,low,8,namesilo,,,22/09/2026 10:25
8e4cab65-1634-4907-9c55-e69d4c0573d8,demonstrates.fit,available,2.99,32.49,medium,low,12,namesilo,,,20/09/2026 23:55
0728b6e9-bd63-4a5a-90ad-f941907702a8,sustaining.fit,available,2.98,45.98,high,low,10,namecheap,,,01/10/2026 23:00
43a24388-dfed-4e6d-abe4-0777e1aca2e2,lattices.fit,available,25.2,25.2,medium,low,8,cloudflare,,,30/09/2026 07:03
7940e756-dfd8-473d-9ca8-aa71c29c5846,selfish.fit,available,1.75,26.08,medium,low,7,spaceship,,,27/09/2026 19:59
fe0b8324-cb51-40d7-a0e4-625e515f7a92,duplex.fit,available,2.98,45.98,high,low,6,namecheap,,,14/08/2026 21:23
dc315323-5785-407f-8ac0-67d4929aaaaf,memorise.fit,available,1.75,26.08,high,low,8,spaceship,,,30/09/2026 20:33
2be04137-98ec-4ce2-b8cd-19e5f697e08b,fogy.fit,premium,47.2,29.5,medium,low,4,namesilo,,,18/08/2026 13:08
79f56135-03f4-4804-9745-476950a700ad,bontemps.fit,available,2.99,32.49,high,low,8,namesilo,,,20/09/2026 08:07
afcf7d7a-2a47-4e34-a3c9-fe837b5e2002,waco.fit,available,1.75,26.08,high,low,4,spaceship,,,28/09/2026 06:51
c5a124af-e168-43c9-b48d-1cd43fa7cf76,exists.fit,available,2.99,32.49,medium,low,6,namesilo,,,27/09/2026 02:40
4431e610-1275-4b4c-8b13-833efc733e6a,violently.fit,available,2.98,45.98,medium,low,9,namecheap,,,16/09/2026 11:00
8d3ae9eb-76d1-4dad-aa39-afac1b05e58e,elders.fit,available,2.99,32.49,medium,low,6,namesilo,,,28/09/2026 08:45
7c661503-d2dd-45b4-ae3d-e67a3a5292b1,omphalos.fit,available,2.99,32.49,medium,low,8,namesilo,,,23/09/2026 06:37
17ee0b65-508c-4255-82a4-1b640fa05c58,brothel.fit,available,2.98,45.98,medium,low,7,namecheap,,,21/09/2026 18:15
f239c441-8342-4d07-b45a-b7f39e21c430,sucking.fit,available,26.97,26.97,medium,low,7,dynadot,,,28/09/2026 15:26
518f28c1-4651-44ac-a2d9-1fc92af86fed,outspoken.fit,available,2.98,45.98,high,low,9,namecheap,,,11/08/2026 16:45
8b4fb80e-cfcc-4396-96ba-79835b5e943d,liang.fit,premium,83,26.08,high,low,5,spaceship,,,29/09/2026 22:32
94060f8d-a53e-4fb8-9bda-27dadb496f89,produced.fit,available,2.98,45.98,medium,low,8,namecheap,,,19/09/2026 16:32
1a5507b1-1d3a-4b0e-81de-7cab788de676,terbium.fit,available,2.99,32.49,medium,low,7,namesilo,,,20/09/2026 23:28
d731c6a4-f977-4e3e-bec6-a84ae5c40a2c,medusa.fit,resell,,,high,low,6,"Spaceship, Inc.",02/05/2026 02:43,02/05/2027 02:43,26/09/2026 07:30
9f615e4e-232d-46a2-acd3-5dbcc20b35f2,masterful.fit,available,2.98,45.98,high,low,9,namecheap,,,23/09/2026 21:35
0ee3bc4b-cd46-425d-84cb-739ef7770a7a,scots.fit,available,2.98,45.98,high,low,5,namecheap,,,09/09/2026 23:33
a05d7a05-3a0c-42e5-b267-15e3bd523a4b,ceylon.fit,available,25.2,25.2,high,low,6,cloudflare,,,02/10/2026 14:38
b347d5b3-ff45-45df-92b9-6bf35be7c760,lug.fit,premium,,,high,low,3,,,,02/10/2026 15:59
af303094-8139-49ef-982d-d51636cf8d70,hydric.fit,available,2.98,45.98,medium,low,6,namecheap,,,21/08/2026 16:23
6d831c73-6767-423e-96c7-006c5f6a33d0,assassination.fit,available,2.99,32.49,medium,low,13,namesilo,,,28/09/2026 11:16
9b0dd260-1e73-465a-8dc7-f29586f11dbf,wizard.fit,resell,,,high,medium,6,"Sav.com, LLC - 44",22/08/2026 00:00,22/08/2027 00:00,26/09/2026 10:12
75564333-08cf-4a24-93cd-2366429964d4,rca.fit,premium,104,32.5,high,medium,3,namecheap,,,25/09/2026 14:08
1bf13cf4-5d57-4834-b4ea-5b61cb6f9468,bogart.fit,available,1.75,26.08,medium,low,6,spaceship,,,02/10/2026 23:38
e4f0f518-8de7-4275-8d72-2205d7f1f85d,aeneas.fit,available,2.99,32.49,medium,low,6,namesilo,,,17/09/2026 12:27
f8bb7976-b5d7-4f08-9085-02ae972172e5,nectar.fit,resell,,,high,medium,6,,,,30/09/2026 02:22
07eaaa16-926c-42e8-892e-aaa84d0ceb31,christiana.fit,available,2.99,32.49,medium,low,10,namesilo,,,01/10/2026 00:03
989234d9-f268-460d-b625-2f3cfdcd9d01,xxviii.fit,available,2.98,45.98,medium,low,6,namecheap,,,
0f81928b-1533-47e0-8068-fad6ccba253f,invariable.fit,available,2.98,45.98,high,low,10,namecheap,,,12/08/2026 22:58
20357614-e6d5-4bef-86bd-da63cafbf02a,speakers.fit,available,2.99,32.49,high,low,8,namesilo,,,18/09/2026 11:01
a932d361-d193-41f6-9cb0-d5d3132562e2,maturate.fit,available,2.98,45.98,medium,low,8,namecheap,,,24/08/2026 17:31
ebe888dd-ddd2-41fb-8133-d776702c5efb,futureless.fit,available,2.98,45.98,low,low,10,namecheap,,,18/08/2026 19:15
489ff22c-079f-452e-b494-8e76be10ea85,thermostat.fit,available,2.99,32.49,high,low,10,namesilo,,,03/10/2026 02:14
75ec6236-7e1d-488e-b68d-393ad9ba36d1,bleeder.fit,available,2.99,32.49,medium,low,7,namesilo,,,24/09/2026 05:24
02bb669c-d7e3-4be0-b778-6eba14f03d60,dampness.fit,available,2.99,46.99,medium,low,8,name.com,,,13/08/2026 16:45
e424bc3e-14a4-43fc-8f4b-1bdd76efc284,seekers.fit,available,2.98,45.98,medium,low,7,namecheap,,,21/09/2026 07:32
de06e7e7-fa10-434a-b8b8-45648e899496,bra.fit,premium,854,29.5,high,low,3,namesilo,,,29/09/2026 00:58
8579dc05-cf71-48a7-8cde-891e84a061a7,radon.fit,available,2.99,32.49,high,low,5,namesilo,,,21/09/2026 00:00
9c734c59-09d6-4602-b133-dad5510f413b,brown.fit,premium,96,29.5,high,low,5,namesilo,,,23/09/2026 10:03
e10b04db-88a0-4f07-ac05-3adcc35627f5,soledad.fit,available,2.99,32.49,medium,low,7,namesilo,,,30/09/2026 18:46
1a0be0e5-6587-46a9-ab25-4a98a93fc8ba,edta.fit,premium,47.2,29.5,high,low,4,namesilo,,,02/10/2026 14:57
4047ec05-24be-4123-8b7e-eee0c0e3501a,vistula.fit,available,1.75,26.08,medium,low,7,spaceship,,,30/09/2026 19:05
15d44b10-0080-4118-8745-664564ed50bd,montagu.fit,available,2.99,32.49,medium,low,7,namesilo,,,20/09/2026 13:56
c8f88795-e9e3-4a3a-80f7-10e8d74348aa,ramjet.fit,available,2.99,32.49,medium,low,6,namesilo,,,20/09/2026 20:48
3bf1ab56-aefb-4ddc-a19e-315d7e812801,suspect.fit,available,2.99,32.49,high,low,7,namesilo,,,28/09/2026 02:06
32f11437-e972-4d57-97b4-36b41b6d8ec7,vernacular.fit,available,2.98,45.98,high,low,10,namecheap,,,13/09/2026 04:07
48932f8b-0ebe-4cbb-8dff-398b3f79426c,annual.fit,available,2.99,32.49,high,low,6,namesilo,,,22/09/2026 05:27
a3eed664-cdc0-4174-ad28-9f6ea8daa423,bohme.fit,available,2.99,32.49,medium,low,5,namesilo,,,23/09/2026 03:34
18f02912-58af-4e38-9c20-b3578da7c8dc,amman.fit,premium,96,29.5,medium,low,5,namesilo,,,18/09/2026 21:59
8966b38c-3cfe-4f03-881d-9a112d4cd8fb,lamenting.fit,available,2.98,45.98,medium,low,9,namecheap,,,22/08/2026 19:02
2d301ea6-c3f6-47f7-a7a9-d9fabe4a1ef8,admission.fit,available,2.98,45.98,high,low,9,namecheap,,,16/09/2026 22:12
1777a059-00b6-4e6c-ae0b-bf5eb1ecd152,toes.fit,premium,52,32.5,medium,low,4,namecheap,,,17/09/2026 01:11
a35def93-7ba4-4a64-82ce-6b8455aeeecd,yitzhak.fit,available,26.97,26.97,medium,low,7,dynadot,,,01/10/2026 23:38
a9dd0651-2aae-4181-aebe-ec40a85afce4,fungal.fit,available,2.98,45.98,medium,low,6,namecheap,,,18/08/2026 18:28
0f5af512-e0a3-4fea-a8bb-b092317b56c6,sunshade.fit,available,2.99,32.49,high,low,8,namesilo,,,21/09/2026 10:14
5132f5e3-3884-4a9e-a191-6cd3b5364bfe,unfair.fit,available,25.2,25.2,medium,low,6,cloudflare,,,28/09/2026 09:45
89c50a9c-b50c-4598-b86a-cbdb551911bc,eels.fit,premium,52,32.5,high,low,4,namecheap,,,02/10/2026 03:24
bcb6c0c1-ecd5-4d83-83d5-edff7460c0fb,damnation.fit,available,1.75,26.08,medium,low,9,spaceship,,,03/10/2026 00:24
a9108499-02b5-4254-ac7e-ee0e12cd2dce,dresden.fit,premium,96,29.5,high,low,7,namesilo,,,30/09/2026 17:05
a69aec22-054e-46d1-8047-152b2d6aad8a,proverbs.fit,available,2.99,32.49,high,low,8,namesilo,,,24/09/2026 07:04
5e497c9f-c3dc-480d-98e6-ab68a289d411,unwilling.fit,available,2.98,45.98,medium,low,9,namecheap,,,12/09/2026 22:40
95894f40-98b3-4ba6-a57d-80346c1ddf61,unnumbered.fit,available,2.98,45.98,medium,low,10,namecheap,,,13/08/2026 03:46
53a96c5a-2ebb-435f-84ac-907789f10959,ducks.fit,available,2.98,45.98,medium,low,5,namecheap,,,27/09/2026 23:17
3adcb6fa-978b-409d-8fdd-99659afdeee4,cutely.fit,available,2.98,45.98,medium,low,6,namecheap,,,14/09/2026 09:59
f6292762-ea7f-40a8-bd62-37c7fe03cb63,midst.fit,available,2.98,45.98,medium,low,5,namecheap,,,11/09/2026 13:11
a71c91b0-7d76-4979-8e13-04864622d3eb,statesman.fit,available,1.75,26.08,high,low,9,spaceship,,,30/09/2026 18:08
72aa945a-d138-4d79-a8a6-ecc04f58f636,saami.fit,available,2.98,45.98,high,medium,5,namecheap,,,09/09/2026 21:07
bb02f887-e1d9-4c5c-86b6-b4b0cc9bde4d,wayward.fit,available,2.98,45.98,medium,low,7,namecheap,,,13/09/2026 08:49
40f1cc2d-0e30-4c23-8da4-01cf0c1f5b0e,palestinian.fit,available,25.2,25.2,high,low,11,cloudflare,,,02/10/2026 06:50
f2138d8a-7b18-48d9-8c95-0b324eeaa955,montane.fit,available,2.98,45.98,medium,low,7,namecheap,,,25/08/2026 05:41
e235b0e7-b146-4c0e-8b5e-2e00ff829d6b,dighted.fit,available,2.98,45.98,low,low,7,namecheap,,,14/08/2026 07:17
75da9fc1-f3b9-44e1-99c6-a5bdc6a74d18,duvall.fit,available,1.75,26.08,medium,low,6,spaceship,,,30/09/2026 05:34
df2a0d2a-3747-4088-af6b-6df52976c067,cashiers.fit,available,2.99,32.49,medium,low,8,namesilo,,,20/09/2026 14:34
2fd938cb-4bef-49aa-a925-c97b28f24f4a,benumb.fit,available,2.98,45.98,medium,low,6,namecheap,,,03/09/2026 22:47
5e9abffd-1c26-4efa-aed3-aae7ec654409,plundered.fit,available,2.98,45.98,medium,low,9,namecheap,,,24/08/2026 09:47
8a7284cb-9f71-4f5e-8166-eb8429d394e0,geeks.fit,resell,2.99,,high,low,5,"Spaceship, Inc.",03/07/2026 16:34,03/07/2027 16:34,26/09/2026 06:20
03874102-cfd7-43ab-9f09-1412c34cae4a,demurely.fit,available,2.98,45.98,medium,low,8,namecheap,,,14/09/2026 11:31
baaee519-2d71-4ad1-9d63-e0d49e3ac7cd,centrally.fit,available,2.98,45.98,medium,low,9,namecheap,,,14/09/2026 06:13
5a0f7516-0c5a-4713-9c7f-82c34b659776,backblast.fit,available,2.99,32.49,medium,low,9,namesilo,,,21/09/2026 14:26
33502408-fd91-4a43-beb2-95ea6ab841a0,exited.fit,available,2.99,32.49,low,low,6,namesilo,,,02/10/2026 23:23
6556f23b-32d6-4078-a7f9-a2e6ea8205a0,forensic.fit,available,2.98,45.98,high,low,8,namecheap,,,08/09/2026 15:50
96f59fae-d157-4aa3-9377-aa979a4e84cf,angler.fit,available,2.99,32.49,high,low,6,namesilo,,,18/09/2026 11:39
a9fcb80d-c39d-4ce1-a3c5-3e09a4798d47,stud.fit,available,2.99,32.49,high,low,4,namesilo,,,24/09/2026 23:35
d2b904bf-eeeb-4a15-9c0e-d38045bd9241,spaciously.fit,available,2.98,45.98,medium,low,10,namecheap,,,16/09/2026 00:04
765eaae5-92e2-41e1-8594-5b35f51ff562,undertaker.fit,available,2.99,32.49,high,low,10,namesilo,,,30/09/2026 09:51
9f6b628a-dc0b-4230-9283-7d209054506e,pastry.fit,available,2.99,32.49,high,low,6,namesilo,,,29/09/2026 13:40
8ca57950-fe32-4f44-803d-b48bda3f17d1,revisit.fit,available,2.99,32.49,high,low,7,namesilo,,,02/10/2026 17:16
15e95ee2-1d38-4dcf-87f6-3508bf42ac06,skinless.fit,available,2.98,45.98,medium,low,8,namecheap,,,10/09/2026 09:42
f5b3c5e8-2fec-4ab6-bf63-ebcfa614787b,subverter.fit,available,2.98,45.98,medium,low,9,namecheap,,,09/09/2026 16:25
2f5f25cb-dbcd-4a35-873f-6ff92cb062cc,contrite.fit,available,2.98,45.98,high,low,8,namecheap,,,12/08/2026 23:34
1ec5229e-749e-43b1-b7cd-bd9b6fe8c776,bilby.fit,available,2.98,45.98,medium,low,5,namecheap,,,23/09/2026 15:40
c8dc45fe-daf4-44ee-8250-9cd0d0db6b44,title.fit,premium,512,29.5,high,low,5,namesilo,,,02/10/2026 13:09
c9c7876f-a778-4ae0-a390-ee622684a206,moonstruck.fit,available,2.98,45.98,medium,low,10,namecheap,,,24/08/2026 11:18
6dea5298-e209-435d-8aea-18a7f1955a40,valueless.fit,available,2.98,45.98,medium,low,9,namecheap,,,13/09/2026 01:01
d9499061-3a7d-4ba1-b411-18459733e8c2,bartholin.fit,available,2.99,32.49,medium,low,9,namesilo,,,22/09/2026 09:14
74fb3734-6d74-4200-b522-194087ef4bfa,moveable.fit,available,2.98,45.98,high,low,8,namecheap,,,25/08/2026 09:05
1ed73089-73cb-4b68-8ace-89d90cd6e2ff,discontinuous.fit,available,2.06,26.26,low,low,13,porkbun,,,30/09/2026 06:03
ace4008b-a87b-4e89-ba1b-af227bb252ad,slithery.fit,available,2.98,45.98,medium,low,8,namecheap,,,10/09/2026 11:09
f776f190-a6a7-45cd-8b19-4d17a87571f0,axiomatic.fit,available,2.98,45.98,medium,low,9,namecheap,,,05/08/2026 23:27
11722f11-ee2e-4feb-9123-26e46ca2be9c,salacious.fit,available,2.98,45.98,medium,low,9,namecheap,,,23/08/2026 00:40
30c2c2c9-d83f-4ecf-a589-5554d76e5134,martinsburg.fit,available,2.98,45.98,medium,low,11,namecheap,,,02/10/2026 10:33
f82ff4a5-b1df-41c4-a929-4c276ecc996c,hainan.fit,available,1.75,26.08,medium,low,6,spaceship,,,30/09/2026 05:03
00d912ed-5f3d-425f-8bd8-4001bdfe082b,revisions.fit,available,2.99,32.49,medium,low,9,namesilo,,,20/09/2026 05:28
47446d55-b123-402b-8b71-745c2972b7ec,barnburner.fit,available,2.98,45.98,medium,low,10,namecheap,,,22/09/2026 06:49
83654eac-7f82-4356-a49a-2a155aee0c24,blantyre.fit,available,2.98,45.98,medium,low,8,namecheap,,,24/09/2026 04:05
747bfa9a-79c9-4f87-ac3e-97df3e76ce01,arched.fit,available,2.98,45.98,medium,low,6,namecheap,,,06/08/2026 14:34
9fcb8b27-619e-41d2-9dab-9bd111cd4824,reading.fit,premium,512,29.5,high,low,7,namesilo,,,30/09/2026 00:17
cadf43e0-629d-435a-adde-076208ac18cc,nell.fit,available,1.75,26.08,medium,low,4,spaceship,,,28/09/2026 07:53
a147c282-8124-411d-a14a-59e9026a5ff2,authoriser.fit,available,2.98,45.98,medium,low,10,namecheap,,,21/09/2026 05:16
72b52a51-72fc-4ffd-bc1e-1d342f582204,barleycorn.fit,available,2.99,32.49,medium,low,10,namesilo,,,22/09/2026 06:31
5a488172-2de0-4828-82ea-a8a7557b17fb,jimi.fit,premium,96,29.5,medium,low,4,namesilo,,,30/09/2026 05:10
144579e6-8715-4e18-951a-04ca783e2234,bladed.fit,available,2.98,45.98,medium,low,6,namecheap,,,10/08/2026 12:14
80872d32-a1e5-4cbc-a386-119d15e331c6,sabbatic.fit,available,2.98,45.98,medium,low,8,namecheap,,,09/09/2026 20:32
e21a6bdb-c39c-4c98-b5ac-df0e4b6ac9af,chelonian.fit,available,2.98,45.98,low,low,9,namecheap,,,12/08/2026 04:08
7f10c84d-147a-46e4-b688-e36c2131440f,humiliation.fit,available,2.98,45.98,medium,low,11,namecheap,,,28/09/2026 12:26
14a36f64-f9d4-4987-b454-ff57282c1381,township.fit,available,25.2,25.2,high,low,8,cloudflare,,,30/09/2026 19:01
861bf982-b395-4c5a-8008-bf90f07b6fa3,abuse.fit,available,2.99,,high,low,5,name.com,,,
8d6f6d76-697c-42cb-976a-ca951d75cb39,hydrous.fit,available,2.98,45.98,medium,low,7,namecheap,,,21/08/2026 16:14
5fb55155-54a2-4dbf-9019-d9ef3e36e4f5,baseborn.fit,available,2.98,45.98,low,low,8,namecheap,,,08/08/2026 21:34
3ae30a8e-d34c-4425-8693-1958e1f69763,seals.fit,available,2.99,32.49,high,low,5,namesilo,,,02/10/2026 13:57
e0e96de6-62db-4db5-9f22-ecb0c166775c,ips.fit,premium,83,26.08,high,low,3,spaceship,,,29/09/2026 03:50
2830a258-5310-4d91-846d-fdbf10968e8a,summery.fit,available,2.98,45.98,high,low,7,namecheap,,,11/09/2026 01:38
00e75564-89a9-4f18-bccc-3ef2ebf6f828,lester.fit,premium,83,26.08,high,low,6,spaceship,,,28/09/2026 05:11
d3a54059-4e1e-4976-82c2-6aeceedf6c5c,perturbed.fit,available,2.98,45.98,medium,low,9,namecheap,,,18/08/2026 09:31
5d9c660c-f0e1-42f7-a9b2-dd983c7dd7c2,elsie.fit,available,2.98,45.98,high,low,5,namecheap,,,27/09/2026 07:34
025dd897-26e5-4f29-9171-fe2ad287d7b1,indisposed.fit,available,2.98,45.98,medium,low,10,namecheap,,,
ac0d3f6b-92ca-4aee-989e-10ca73aee4ef,workmen.fit,available,1.75,26.08,medium,low,7,spaceship,,,02/10/2026 12:33
b1e5b507-eafc-49f1-9fd4-c3c8f6ea47e5,ascription.fit,available,2.99,32.49,medium,low,10,namesilo,,,20/09/2026 13:27
9eb1c39e-263f-4624-af44-f8463cfcc761,languid.fit,available,2.98,45.98,medium,low,7,namecheap,,,22/08/2026 18:03
16101fbf-b9f4-4436-a9c5-7b6979afe2d0,anarchist.fit,available,2.98,45.98,high,low,9,namecheap,,,19/09/2026 02:24
e2ca7c04-312f-44eb-981a-c44d9fc593a9,aunty.fit,available,2.99,32.49,high,low,5,namesilo,,,21/09/2026 04:13
e7b8f95e-2188-4881-97a9-2e0633cc6fce,mta.fit,premium,83,26.08,high,low,3,spaceship,,,28/09/2026 21:38
d6222272-9203-4cbc-a94f-97e283efe7b0,chickpea.fit,available,2.99,32.49,high,low,8,namesilo,,,24/09/2026 14:29
60dffae7-e641-4540-9712-130c2b6ab7e7,roughdried.fit,available,2.98,45.98,high,medium,10,namecheap,,,09/09/2026 18:59
26accfa8-befd-4450-80ae-74f27bcf7d20,postcolonial.fit,available,2,26.97,high,low,12,dynadot,,,02/10/2026 07:43
f9dfb696-3c47-48ac-884b-fd39217d072f,meridional.fit,available,2.98,45.98,medium,low,10,namecheap,,,24/08/2026 20:52
3404999a-5d0d-4858-a3c6-a6cf65b18283,receptions.fit,available,2.99,32.49,medium,low,10,namesilo,,,20/09/2026 06:10
26c6f682-2e4f-4723-82c9-69499af3a419,boyne.fit,available,2.99,32.49,medium,low,5,namesilo,,,22/09/2026 14:51
471f8e8f-c759-4869-8257-0144023bc9d6,percipient.fit,available,2.98,45.98,high,low,10,namecheap,,,08/09/2026 16:17
90ebb468-6988-4b20-995b-f4e487db0f2f,thou.fit,premium,242,29.5,medium,low,4,namesilo,,,21/09/2026 11:11
2b29bd39-7218-4679-a80f-52e28da2bf93,paola.fit,available,25.2,25.2,medium,low,5,cloudflare,,,30/09/2026 15:17
90fc624b-32e6-47ec-a9e1-59dbb7f5e689,clop.fit,premium,47.2,29.5,medium,low,4,namesilo,,,15/09/2026 20:47
8f0d628b-5f63-41ee-91a3-7a6c2eb7bfa2,pathology.fit,available,26.97,26.97,medium,low,9,dynadot,,,29/09/2026 01:49
5beb87a8-fc9b-4033-9bec-2736e8a2c079,borrow.fit,available,2.99,32.49,high,low,6,namesilo,,,30/09/2026 16:13
1fa4d9f8-01d4-451c-a4b0-99c584e5dd5e,cockney.fit,available,2.98,45.98,medium,low,7,namecheap,,,12/08/2026 14:58
868c34b9-eade-4108-8b0d-ad7b0b7239f3,attalea.fit,available,2.98,45.98,medium,low,7,namecheap,,,21/09/2026 01:14
9df1571f-a954-4ca7-80fa-0ddd24765c1e,submarines.fit,available,1.75,26.08,medium,low,10,spaceship,,,29/09/2026 17:53
a4d5d16d-5765-469c-8de9-0909c018366f,willingness.fit,available,2.06,26.26,high,low,11,porkbun,,,02/10/2026 23:20
8783e3a5-f9c9-46a3-8563-ac47b1f9bae6,catchy.fit,available,2.98,45.98,high,low,6,namecheap,,,11/08/2026 21:20
ac4dc548-76c2-4afd-b0e3-8398c967a209,aylesbury.fit,available,2.99,32.49,medium,low,9,namesilo,,,03/10/2026 06:05
80ed19ac-86c9-4add-a3a3-3c8969009d7d,adaptor.fit,available,2.99,32.49,high,low,7,namesilo,,,17/09/2026 06:32
3ead79e0-9f75-406a-ae2d-bb82e1d20c86,nebulizer.fit,available,2.99,32.49,high,low,9,namesilo,,,21/09/2026 00:21
1c24564f-4201-4b2a-ad1d-ef1bf4147750,ascap.fit,available,2.99,32.49,medium,low,5,namesilo,,,30/09/2026 05:41
0d51f6bb-9fb0-40ff-8fae-b2166cf4b2ad,rotter.fit,available,2.98,45.98,medium,low,6,namecheap,,,11/08/2026 09:08
b99db2b5-5fac-45ae-bc15-2c129e169e50,spree.fit,available,2.99,32.49,high,low,5,namesilo,,,30/09/2026 18:48
111bbbdf-476b-4ef8-b19b-fe74bbfff972,rooster.fit,premium,220,26.97,high,low,7,dynadot,,,29/09/2026 13:52
7fde9ec5-0980-48ae-9479-5583025d707d,overdue.fit,available,2.98,45.98,medium,low,7,namecheap,,,26/09/2026 03:28
b438519d-0376-4d5b-8d17-239e498125a8,sweetness.fit,available,25.2,25.2,high,low,9,cloudflare,,,29/09/2026 00:59
60077f9e-102f-46f8-b1c5-2b2f7638f509,bounded.fit,available,2.98,45.98,medium,low,7,namecheap,,,10/08/2026 21:52
76784b29-f289-45f6-a7a3-9ca22ccf2694,peshawar.fit,premium,44.19,27.82,medium,low,8,porkbun,,,29/09/2026 19:57
5667ace1-1691-4367-ae16-ac1878c863a7,sitting.fit,available,26.97,26.97,high,low,7,dynadot,,,27/09/2026 19:14
434d1d3b-15f1-4cc0-9bbe-34fb7b466e40,amiably.fit,available,2.98,45.98,medium,low,7,namecheap,,,13/09/2026 17:50
01c94ec8-48ce-4295-a33c-72d43b2b9585,carousing.fit,available,2.98,45.98,medium,low,9,namecheap,,,08/08/2026 04:24
c7475be8-ca7f-4642-be89-fbd3e8cdc32d,cyber.fit,resell,,,high,medium,5,,,,27/09/2026 06:18
f8324b7f-ed4a-4892-aae1-e575a83cfd31,pma.fit,premium,242,29.5,high,low,3,namesilo,,,01/10/2026 23:33
11604597-275c-4c34-8e10-d683cdca2d06,holders.fit,available,2.99,32.49,medium,low,7,namesilo,,,30/09/2026 16:18
767cea4a-e69c-4d72-9c26-a005748db73e,ben.fit,premium,828.2,26.08,high,medium,3,spaceship,,,29/09/2026 02:04
521feed6-9b96-4f38-8073-3bb6be969f8c,businessman.fit,available,2.99,32.49,high,low,11,namesilo,,,19/09/2026 04:56
b45a5945-7e06-407c-bdab-53b41077ec36,variously.fit,available,2.98,45.98,medium,low,9,namecheap,,,14/09/2026 13:23
a8d25f01-14ae-437d-aa42-daa4cd4a8124,candlenut.fit,available,2.98,45.98,medium,low,9,namecheap,,,18/09/2026 05:37
538bee0c-cd29-4034-ae63-42343adaa671,mortar.fit,available,26.97,26.97,high,low,6,dynadot,,,29/09/2026 07:17
e62586cb-f141-4081-b9c6-08c2db0a4c25,burglar.fit,available,1.75,26.08,medium,low,7,spaceship,,,30/09/2026 00:56
78077518-476e-43a3-becc-48058039091d,tripartite.fit,available,2.98,45.98,medium,low,10,namecheap,,,11/09/2026 14:23
151582d5-9d78-4587-b3c0-4babe3cc1d0a,chinchy.fit,available,2.98,45.98,low,low,7,namecheap,,,12/08/2026 05:42
dd64989b-4278-4503-839f-33a6a3d3948c,blacks.fit,available,26.97,26.97,low,low,6,dynadot,,,28/09/2026 18:09
8edb3e26-d4ee-4a61-b6ea-a14af93bfceb,presenting.fit,available,2.06,26.26,medium,low,10,porkbun,,,28/09/2026 17:29
b1073baa-2192-4b12-bbe3-b738c5cf26a6,iis.fit,premium,414.2,26.08,medium,low,3,spaceship,,,29/09/2026 19:14
60286e95-32f5-4e8d-b31b-ac3446d48a76,schoolwide.fit,available,2.98,45.98,medium,low,10,namecheap,,,09/09/2026 23:18
c09eda46-6ef3-4c76-94bc-31affe12cde9,alizarine.fit,available,2.99,32.49,medium,low,9,namesilo,,,18/09/2026 08:13
bf902578-7d8c-4b1d-9a8d-6438f76c15d2,luculent.fit,available,2.98,45.98,medium,low,8,namecheap,,,24/08/2026 10:52
56b5eefb-efab-48fe-b458-d716bf72ac19,trips.fit,premium,2660,29.5,medium,low,5,namesilo,,,27/09/2026 22:50
f29f85be-2f05-45ca-a9a4-5e5fc36382e1,floaty.fit,available,2.98,45.98,high,low,6,namecheap,,,11/08/2026 10:08
7ab4a887-c3c3-4d5e-b2de-885dda9d8098,hardin.fit,premium,83,26.08,medium,low,6,spaceship,,,28/09/2026 04:15
9c899966-7de0-42ec-b8e8-9a5fa2c45967,darius.fit,available,2.99,32.49,medium,low,6,namesilo,,,27/09/2026 07:28
c230aa55-8dc9-40ce-bdf3-9fd7dd9a9c24,wilkes.fit,available,2.06,26.26,medium,low,6,porkbun,,,27/09/2026 12:29
b4a3a33c-022c-4c78-aa8e-99078f40c445,pergamon.fit,available,2.99,32.49,medium,low,8,namesilo,,,29/09/2026 22:24
4b5f08e2-fa62-49bc-9c62-891a67931215,ascoma.fit,available,2.99,32.49,medium,low,6,namesilo,,,20/09/2026 13:22
7557d901-a341-40f5-b26a-01fcec0174ed,aquila.fit,resell,,,medium,low,6,"Spaceship, Inc.",03/07/2026 16:34,03/07/2027 16:34,26/09/2026 03:57
41fdb247-dd32-4534-8fe9-fb508aab02d5,deprive.fit,available,25.2,25.2,medium,low,7,cloudflare,,,30/09/2026 18:51
3b0e4879-b57a-416a-85b0-82c2c19f2d59,balanus.fit,available,2.98,45.98,medium,low,7,namecheap,,,21/09/2026 21:03
24d84fd3-6e28-4178-9f93-6f15d2c1d13b,illiteracy.fit,available,2.99,32.49,medium,low,10,namesilo,,,19/09/2026 01:54
d0849153-64e9-4e9a-a148-44ed24e101d6,yams.fit,premium,47.2,29.5,medium,low,4,namesilo,,,19/09/2026 22:19
5a8e905c-fe5a-43a7-b8cb-ab7933b6d5ed,motown.fit,available,1.75,26.08,high,low,6,spaceship,,,29/09/2026 06:38
a528f7c4-8e19-41d8-8750-b48700e98d0f,pimento.fit,available,2.99,46.99,high,low,7,name.com,,,23/09/2026 05:37
2a7b5ea5-b73f-41ca-9105-ace2f2581c9f,beliefs.fit,available,2.99,32.49,medium,low,7,namesilo,,,28/09/2026 17:24
82727cfa-442d-471c-97bf-5bc3de0c7b15,tractors.fit,available,2.99,32.49,medium,low,8,namesilo,,,21/09/2026 06:24
44c3cf9a-2fe5-494e-a0e6-002757f96bd1,ashley.fit,premium,242,29.5,high,low,6,namesilo,,,25/09/2026 17:12
51d1c065-7265-4fea-9e44-7c1fc3a682cb,kempt.fit,available,2.98,45.98,medium,low,5,namecheap,,,22/08/2026 15:32
2db9139e-58a1-48c0-87f0-129e5b6534ec,clams.fit,available,2.99,32.49,high,low,5,namesilo,,,24/09/2026 06:47
0e46a47d-45d6-47bb-b910-9292e079f896,grandes.fit,available,25.2,25.2,medium,low,7,cloudflare,,,01/10/2026 01:08
88c65255-eb38-4a0d-9eaa-515c28a9ad40,expenses.fit,available,2.98,45.98,medium,low,8,namecheap,,,27/09/2026 22:47
f8287c11-d759-4069-bad8-a87f06ac1e29,phonic.fit,available,2.98,45.98,high,low,6,namecheap,,,08/09/2026 19:06
643b9133-e77d-4a63-a82b-9a78f140dc5b,factually.fit,available,2.98,45.98,medium,low,9,namecheap,,,14/09/2026 17:27
b032c13b-aba6-49db-872e-94ceac301b32,attachable.fit,available,2.98,45.98,medium,low,10,namecheap,,,07/08/2026 15:36
feba405f-25e8-41c6-a2c7-c14070c733c4,klamath.fit,available,25.2,25.2,high,low,7,cloudflare,,,28/09/2026 06:07
e0350be4-6925-4422-9ad4-006f9c4c7023,grumbler.fit,available,2.98,45.98,medium,low,8,namecheap,,,23/09/2026 06:49
c5bbebe7-4c50-45d9-b965-a215fd8f0d1c,binds.fit,available,2.99,49.99,low,low,5,godaddy,,,01/10/2026 00:28
4d6e6e5d-218e-43d8-8973-f91313cbb6b4,aare.fit,premium,52,32.5,medium,low,4,namecheap,,,16/09/2026 13:18
7ba08118-fdcc-48d1-8724-3db61e6e0856,ltte.fit,premium,41.6,26.08,medium,low,4,spaceship,,,01/10/2026 20:19
24f90309-456c-492d-a528-22fc1148ef26,assuming.fit,available,2.98,45.98,medium,low,8,namecheap,,,07/08/2026 08:16
0b8cb1bc-74bf-4073-a1b4-3fb44e07668e,tuning.fit,available,2.99,32.49,high,low,6,namesilo,,,29/09/2026 08:16
102f3354-adcd-4f62-8c7d-f5d70740f40a,unkind.fit,available,2.98,45.98,medium,low,6,namecheap,,,12/09/2026 14:11
fb913d1a-8ec4-477b-a056-da216a6b557b,darn.fit,premium,50,46.99,high,low,4,name.com,,,13/08/2026 16:10
e62307da-cf3b-440b-a88a-a5e75c6a004f,investigated.fit,available,2.99,32.49,medium,low,12,namesilo,,,29/09/2026 00:03
28959145-2e20-4616-80e8-6dae364f48e8,record.fit,resell,,,high,low,6,"Sav.com, LLC - 35",29/04/2026 00:01,29/04/2027 00:01,26/09/2026 08:32
ef8425de-9d61-4284-961c-a2f1ced8a83d,lied.fit,premium,47.2,29.5,high,low,4,namesilo,,,25/09/2026 08:58
28923a4c-e9c8-4d25-9da4-f5c6473bab1e,jutting.fit,available,2.98,45.98,medium,low,7,namecheap,,,22/08/2026 14:44
b04ab2da-3a08-4fd3-a8de-068a61ff6cf9,tighten.fit,available,2.99,32.49,high,low,7,namesilo,,,29/09/2026 14:16
f65d8408-db53-4dc7-862c-9ab660964fe8,trojan.fit,resell,,,high,low,6,"Sav.com, LLC - 33",21/05/2026 00:00,21/05/2027 00:00,26/09/2026 09:46
ff8d546f-f84f-4f37-a0b6-9b87c79c0b60,mainly.fit,available,25.2,25.2,medium,low,6,cloudflare,,,28/09/2026 13:52
24c9494e-043b-4faa-91d8-0ea6ab79ac2e,beginner.fit,available,2.98,45.98,high,low,8,namecheap,,,23/09/2026 02:23
a3db15b1-837b-475c-93c7-b61820346f50,quimby.fit,available,1.75,26.08,medium,low,6,spaceship,,,03/10/2026 06:02
df430cdb-7232-4d31-a1f3-af1d6ddc7e76,opposable.fit,available,2.98,45.98,medium,low,9,namecheap,,,06/08/2026 07:43
3c48caed-d241-411e-9797-2ddfb18c5fde,nearing.fit,available,2.99,32.49,medium,low,7,namesilo,,,01/10/2026 17:44
6efb31dd-3d8a-493e-bfb3-00704eb94e7c,pitiful.fit,available,2.98,45.98,medium,low,7,namecheap,,,14/08/2026 02:27
9d43d74f-4cc0-403e-a546-362f06d4c13b,anhedonia.fit,available,2.99,32.49,medium,low,9,namesilo,,,19/09/2026 07:46
6d6d37e6-15d0-4822-aa65-f1c89229bc05,distributive.fit,available,1.75,26.08,high,low,12,spaceship,,,29/09/2026 21:23
6bf5b35e-9373-4cdf-90ed-6d29e1e387a7,wounding.fit,available,2.98,45.98,medium,low,8,namecheap,,,10/09/2026 17:53
0a684d3b-8068-49b5-bc32-fcfe4cd9e710,findings.fit,available,1.75,26.08,medium,low,8,spaceship,,,28/09/2026 19:12
b3d49c06-1c0d-40fa-b427-572b42d4c65a,arran.fit,available,2.98,45.98,medium,low,5,namecheap,,,01/10/2026 23:18
b421fe3f-e8b1-4645-9329-25fa47d57d8c,doze.fit,premium,47.2,29.5,high,low,4,namesilo,,,24/09/2026 23:43
bf676468-7d7b-465f-b6b1-48e57b5d3614,posted.fit,available,2.98,45.98,high,low,6,namecheap,,,09/09/2026 00:21
cfd6044c-c374-4337-bfd1-b46a237b42be,cotton.fit,resell,,,high,low,6,"GoDaddy.com, LLC",17/08/2020 08:46,17/08/2027 08:46,29/09/2026 11:45
592ca397-cea5-495a-8323-8f5e32fdbbf8,kindled.fit,available,2.98,45.98,medium,low,7,namecheap,,,17/08/2026 09:33
c3087f96-7402-4998-b43d-8cc145191846,byrd.fit,available,2.99,32.49,high,low,4,namesilo,,,17/09/2026 08:47
7302e9ca-33d6-48d4-9b52-57d339c7ad52,absent.fit,available,2.99,32.49,high,low,6,namesilo,,,21/09/2026 14:37
5605825b-708b-4e82-9df0-a3ad6d3545cb,townsville.fit,available,1.75,26.08,medium,low,10,spaceship,,,30/09/2026 22:10
7feca4b7-e32c-4d0c-91fc-901b4ada1c93,acanthus.fit,available,2.98,45.98,medium,low,8,namecheap,,,16/09/2026 21:02
9f2068c3-57f6-4c9d-b616-2f99e8233517,tolkien.fit,available,1.75,26.08,medium,low,7,spaceship,,,28/09/2026 19:31
4efd2dbc-b48d-45f5-9907-5fb59416785e,iloilo.fit,available,2.99,32.49,medium,low,6,namesilo,,,01/10/2026 12:16
38ff09bd-07d6-486e-b880-364bc549bb37,tashkent.fit,premium,52,32.5,medium,low,8,namecheap,,,24/09/2026 12:32
66407441-78f3-48dd-9634-5f7508808a97,bristow.fit,available,1.75,26.08,medium,low,7,spaceship,,,30/09/2026 05:31
366be3a6-097a-4aec-9af9-6f734eb244ad,bullet.fit,premium,242,29.5,high,low,6,namesilo,,,29/09/2026 05:18
7f0546d1-8605-46f9-b3f8-c3f7902479a8,acuity.fit,available,2.99,32.49,high,low,6,namesilo,,,17/09/2026 05:29
4ef56056-4526-48cb-b83c-9c049c049a42,faking.fit,available,26.97,26.97,low,low,6,dynadot,,,02/10/2026 03:46
6cce730d-cbbd-4131-88c9-42d6e1d51827,clue.fit,premium,41.6,26.08,high,low,4,spaceship,,,29/09/2026 10:03
979bd0a3-9fbe-45e3-aaa0-534224c9e097,secretly.fit,available,2.98,45.98,medium,low,8,namecheap,,,15/09/2026 06:37
9aaaf88c-4ae4-4437-901b-86213804c305,paparazzi.fit,available,2.99,32.49,high,low,9,namesilo,,,16/09/2026 14:02
bea4123d-ba7a-4848-9a4d-2ccc54f97235,gdp.fit,premium,512,29.5,high,low,3,namesilo,,,25/09/2026 06:24
29cc837e-49d3-4551-81a1-af8ad2d90db7,scrooge.fit,available,1.75,26.08,medium,low,7,spaceship,,,30/09/2026 10:35
f3cbab7d-b571-4f6a-b2d8-222873419cbd,sapphire.fit,resell,2.99,,high,medium,8,"Spaceship, Inc.",02/05/2026 02:43,02/05/2027 02:43,26/09/2026 08:48
ece4e0ad-9768-42c2-9127-59e2c2bae7f7,dumbstruck.fit,available,2.98,45.98,medium,low,10,namecheap,,,14/08/2026 21:06
38099a6a-5a74-4878-aeda-094097b33a36,nationality.fit,available,2.99,32.49,high,low,11,namesilo,,,29/09/2026 14:17
c10a7b16-d9bb-4c74-8dda-dd65d82756af,sadistic.fit,available,2.98,45.98,high,medium,8,namecheap,,,09/09/2026 20:44
91cd6650-8121-4c50-be26-60d759213232,menstrual.fit,available,2.98,45.98,high,low,9,namecheap,,,11/08/2026 20:59
68914485-f547-429d-a210-edb59589d1d2,workers.fit,available,2.99,,high,low,7,name.com,,,
c37a9e19-62dc-4170-9341-7420cfc89e18,soccer.fit,premium,4140.2,26.08,high,low,6,spaceship,,,28/09/2026 22:49
98e3e782-2ef6-49e5-b8e5-6e2d18c63372,beckwith.fit,available,1.75,26.08,medium,low,8,spaceship,,,30/09/2026 04:37
98a2a476-4ea1-4ad0-a1c1-bb6a56af0d4c,daringly.fit,available,2.98,45.98,medium,low,8,namecheap,,,14/09/2026 10:37
c204170a-0cca-4f9c-b8a9-4c7d03b743c2,unnerving.fit,available,2.98,45.98,high,medium,9,namecheap,,,09/09/2026 12:23
e70758cb-586c-4ecc-bc1e-7d08cd32ccc2,harrisburg.fit,available,2.98,45.98,medium,low,10,namecheap,,,25/09/2026 22:04
dceaef31-f870-4a55-9cc8-94330759215c,gathers.fit,available,2.99,32.49,low,low,7,namesilo,,,02/10/2026 11:58
96508cfe-2035-4834-af48-1a94f107c7f5,landon.fit,premium,96,29.5,medium,low,6,namesilo,,,28/09/2026 22:03
3c1d56eb-698c-4f46-9095-c1c02659e52c,saratov.fit,premium,47.2,29.5,medium,low,7,namesilo,,,02/10/2026 16:42
6cb6ca86-9cd1-44d6-918b-2475a6667f60,overcome.fit,available,2.99,32.49,high,low,8,namesilo,,,28/09/2026 05:30
e5dde96e-dd89-4aef-af3d-3b2647715dfd,wheelchair.fit,available,2.99,32.49,high,low,10,namesilo,,,28/09/2026 11:05
2e702cdb-b19f-4e58-bb0e-2efafe32d249,jos.fit,premium,512,29.5,medium,low,3,namesilo,,,29/09/2026 03:35
217206c9-1b42-46e4-a537-077f477fec3e,tiered.fit,available,2.98,45.98,medium,low,6,namecheap,,,11/09/2026 15:49
158d9187-f0f4-41b7-9b8a-bc6b0ec91790,karaoke.fit,resell,,,high,low,7,,,,30/09/2026 17:46
8bcf051c-3f42-44b8-8d13-b7d1ea4a8a43,humbug.fit,available,2.98,45.98,medium,low,6,namecheap,,,21/09/2026 23:48
0fa9e2bf-65c7-40bc-83a4-1eebe46afc1a,fashionable.fit,available,25.2,25.2,high,low,11,cloudflare,,,28/09/2026 15:41
fa6abb85-1fdd-4b8a-8443-6cf5457028ef,nitrous.fit,available,2.98,45.98,high,low,7,namecheap,,,08/08/2026 03:03
e4d0576c-edcf-410b-b789-e68688e9e90c,emerald.fit,premium,,,high,low,7,,,,28/09/2026 19:05
d2f34c3e-1426-4bc0-a35e-2d41e30788ee,unlawful.fit,available,2.98,45.98,medium,low,8,namecheap,,,21/08/2026 19:54
5dfbcece-056c-45d2-9558-6ca6bdb54170,bonilla.fit,premium,83,26.08,medium,low,7,spaceship,,,02/10/2026 20:38
b204995c-5df7-4bab-b4ba-33a06035ecbb,lake.fit,premium,96,29.5,high,low,4,namesilo,,,30/09/2026 01:56
a8f35688-4a76-4c9b-afcc-1bdac83a8915,barkeeper.fit,available,2.99,32.49,medium,low,10,namesilo,,,22/09/2026 06:23
264c0b3f-8352-404e-935c-a45360bdacf1,discipline.fit,resell,,,high,low,10,"Spaceship, Inc.",15/02/2026 00:04,15/02/2027 00:04,26/09/2026 05:35
23c24530-9c25-48c5-abd6-e3e30cf81e5b,insolent.fit,available,2.98,45.98,medium,low,8,namecheap,,,11/08/2026 02:56
1f77781b-f47c-43fe-bbab-db32cba0afb4,androgyny.fit,available,2.99,32.49,medium,low,9,namesilo,,,19/09/2026 04:54
3e1b2f04-b7ef-4b41-95b0-eb048086ec6f,hangnail.fit,available,2.98,45.98,medium,low,8,namecheap,,,17/09/2026 18:26
f91b1b7d-084b-44b0-97e1-59f0974ffb95,apocope.fit,available,2.98,45.98,medium,low,7,namecheap,,,19/09/2026 18:11
b493bfb0-9aeb-40fb-9a38-620ac2fbdd18,lenient.fit,available,2.98,45.98,high,low,7,namecheap,,,22/08/2026 23:46
5166871b-c8a2-4f69-9c9c-0e903b07c899,excursion.fit,available,2.98,45.98,high,low,9,namecheap,,,29/09/2026 18:22
2010bc92-a19d-4452-9850-1f9f0d688f24,kavanagh.fit,available,1.75,26.08,medium,low,8,spaceship,,,30/09/2026 22:02
2b7a61e9-acdf-4e9f-ab36-81e289ceb8a0,positron.fit,available,2.99,32.49,medium,low,8,namesilo,,,19/09/2026 14:21
6da696eb-96a4-4532-851f-466b21736bce,conversation.fit,available,2.99,32.49,high,low,12,namesilo,,,26/09/2026 00:44
52f02bab-4b72-4bc3-99a6-dba83273701d,multichannel.fit,available,25.2,25.2,high,low,12,cloudflare,,,02/10/2026 07:39
2afb05f5-717c-4152-b1d6-953169b1125c,buttonlike.fit,available,2.98,45.98,medium,low,10,namecheap,,,09/08/2026 03:39
a791d6b0-be02-4bfb-bf54-856308ef6178,ibc.fit,premium,414.2,26.08,high,low,3,spaceship,,,02/10/2026 19:08
64366078-9d86-49df-9ce3-46338b94e2d2,nam.fit,premium,873.85,27.82,high,low,3,porkbun,,,28/09/2026 16:26
3e4c220e-fba2-4d56-a0ba-cb271a49e817,ayurveda.fit,available,2.99,32.49,high,low,8,namesilo,,,21/09/2026 10:52
ada3ca48-d7f1-447e-8e5b-d7db79a04891,screechy.fit,available,2.98,45.98,medium,low,8,namecheap,,,10/09/2026 00:01
832e054e-017f-4fe9-a0a1-7a89a87fdde6,protects.fit,available,1.75,26.08,medium,low,8,spaceship,,,29/09/2026 00:03
c2a6f0e4-fae8-405c-98a4-ac82ff8cea02,romish.fit,available,2.98,45.98,medium,low,6,namecheap,,,05/09/2026 01:30
616cd538-b9b4-4a91-be0c-5575c99670d7,congolese.fit,available,2.98,45.98,high,low,9,namecheap,,,12/08/2026 21:54
a9d46659-b49b-4b4d-867f-e5a0729954b0,uveous.fit,available,2.98,45.98,low,low,6,namecheap,,,13/09/2026 00:24
dad23fd6-64f4-4187-af13-32bb0da004a9,engorge.fit,available,2.98,45.98,medium,low,7,namecheap,,,23/09/2026 17:25
f372f339-b432-4178-8d95-066e8075d90b,atf.fit,premium,1040,32.5,high,low,3,namecheap,,,20/09/2026 20:14
2af522fb-d4d2-40ef-adfc-3c2809f965a8,adolf.fit,available,2.99,32.49,medium,low,5,namesilo,,,29/09/2026 23:45
105e3a0f-85b2-4d56-90f7-e2d5560cbda7,amazement.fit,available,2.99,32.49,high,low,9,namesilo,,,18/09/2026 16:18
87068dd4-a5c7-4d10-a514-d94739da8e14,biddable.fit,available,2.98,45.98,medium,low,8,namecheap,,,
d31d3dad-3de3-437d-acd3-c346006b2f19,lynn.fit,premium,104,32.5,high,low,4,namecheap,,,27/09/2026 07:20
96f5fe60-367e-4ed7-a214-8caf00f08e8c,nia.fit,premium,414.2,26.08,high,low,3,spaceship,,,29/09/2026 20:55
08b687ba-bbd0-422a-b654-fe9c91a1b2f6,thatch.fit,available,2.99,32.49,medium,low,6,namesilo,,,24/09/2026 02:04
503d7043-1d03-4e66-810d-c353ca7ed06a,mall.fit,resell,,,high,low,4,"Spaceship, Inc.",10/02/2024 03:58,10/02/2027 03:58,30/09/2026 03:46
42ea2bf4-a12f-42ef-8e7b-f3a715b4b9ef,solvable.fit,available,25.2,25.2,high,low,8,cloudflare,,,27/09/2026 12:17
01b7aa4a-698b-416c-9c11-3cfa81a33fec,leakproof.fit,available,2.98,45.98,medium,low,9,namecheap,,,22/08/2026 21:59
8a63cd12-e445-4491-b75e-6bddc5c036ad,downtime.fit,available,2.99,32.49,high,low,8,namesilo,,,24/09/2026 23:41
275e6917-e0c6-480d-8ffa-c452a35cba51,subatomic.fit,available,2.98,45.98,medium,low,9,namecheap,,,10/09/2026 23:38
8cf11f05-ede2-40be-83af-d0b2952d7343,adenauer.fit,available,2.98,45.98,medium,low,8,namecheap,,,17/09/2026 07:24
5103fb28-5298-4b31-aed3-2c58d7446230,cuvier.fit,available,2.99,32.49,high,low,6,namesilo,,,22/09/2026 07:06
6f4e63a8-e6ea-4c9a-9f44-e0e94e51f5af,indians.fit,available,25.2,25.2,high,medium,7,cloudflare,,,28/09/2026 23:09
d12e764b-52de-4930-8968-391d035e4ffe,cormac.fit,available,2.99,32.49,medium,low,6,namesilo,,,03/10/2026 05:14
851e7855-53db-4ed5-858b-7130947337ca,carribean.fit,available,1.75,26.08,high,low,9,spaceship,,,01/10/2026 23:31
d5be3107-6e13-4855-847c-1142b35c97e5,vexer.fit,available,2.99,32.49,medium,low,5,namesilo,,,19/09/2026 10:52
3ce486bc-7a48-4093-a04a-8971d71eb89b,harnessed.fit,available,2.98,45.98,medium,low,9,namecheap,,,21/08/2026 01:05
f673c829-1a77-4938-ae6d-8f4d5ce9261c,football.fit,resell,,,high,medium,8,"GoDaddy.com, LLC",17/08/2020 08:45,17/08/2027 08:45,29/09/2026 19:44
5c654998-9f51-4c08-b6e5-80b47fadbb32,antony.fit,available,2.99,32.49,medium,low,6,namesilo,,,19/09/2026 13:33
706c54c6-ebaf-4a54-9843-3f1015b71c16,featherbed.fit,available,2.99,32.49,high,low,10,namesilo,,,21/09/2026 12:59
acfd6b86-884f-4986-9bc6-8fca05165ace,deputy.fit,available,25.2,25.2,high,low,6,cloudflare,,,29/09/2026 14:04
84ad2b00-ec7d-4019-ba7d-d998bd898089,gateshead.fit,available,2.98,45.98,medium,low,9,namecheap,,,02/10/2026 19:34
97c66f73-4d88-4e0e-8384-fe5ebcfcb9f6,corded.fit,available,2.98,45.98,medium,low,6,namecheap,,,13/08/2026 00:57
11fbddb3-75d4-4d1f-a3fe-4e2acea2d9f6,dominical.fit,available,2.98,45.98,medium,low,9,namecheap,,,14/08/2026 15:42
039eb903-68b5-4280-8f84-e2e1746f107f,checkered.fit,available,2.98,45.98,medium,low,9,namecheap,,,12/08/2026 03:38
c87a3c44-5d8b-499e-960f-25f475cf4fd8,jim.fit,premium,96,29.5,high,low,3,namesilo,,,
261e5c01-48c7-45ab-90da-7b2453d4365d,dyed.fit,premium,47.2,29.5,high,low,4,namesilo,,,14/08/2026 21:54
b96ced27-dbc7-4961-8d3f-8f41f25a230b,omnibus.fit,available,2.98,45.98,high,low,7,namecheap,,,04/09/2026 02:30
f9e39036-10fb-40af-b7f6-b036a25d74bd,accessary.fit,available,2.98,45.98,medium,low,9,namecheap,,,
cc9c5fb2-ee5f-4b7a-b541-db8fb633c79b,consultative.fit,available,1.75,26.08,medium,low,12,spaceship,,,30/09/2026 20:07
794b8ccb-154f-4d5c-8ff2-cca5d37aba2f,revised.fit,available,2.99,32.49,high,low,7,namesilo,,,27/09/2026 14:32
b0ebf0ac-f6b0-4966-8ac7-1e9b75a23b69,joni.fit,premium,41.6,26.08,medium,low,4,spaceship,,,02/10/2026 00:14
e8dcf280-639f-49e9-bac6-6c89a6578e93,childs.fit,available,1.75,26.08,medium,low,6,spaceship,,,28/09/2026 12:16
6bf483eb-f6af-44f0-b372-1dec3e3cea77,frome.fit,available,1.75,26.08,medium,low,5,spaceship,,,02/10/2026 20:20
1073edb8-ecb5-41c5-80be-fcf0b1f23ed5,gettable.fit,available,2.98,45.98,medium,low,8,namecheap,,,18/08/2026 23:02
574d5b4a-e0ff-49f7-8d8d-808217cd3557,neurotic.fit,available,2.98,45.98,medium,low,8,namecheap,,,03/09/2026 16:23
97a842c5-49f2-44ab-8b7d-367ffa84d381,https.fit,premium,,,high,high,5,,,,30/09/2026 20:53
66b61465-c0a9-4e52-a346-7c320c8984e6,behave.fit,available,25.2,25.2,high,low,6,cloudflare,,,30/09/2026 15:41
1a966699-51a6-4a85-a3da-4623e63c955d,univ.fit,premium,47.2,29.5,high,low,4,namesilo,,,29/09/2026 21:43
88759050-9d93-42be-bdb7-58591b196c09,blacktop.fit,available,2.99,46.99,medium,low,8,name.com,,,24/09/2026 03:24
cdc58422-a398-4c33-a554-55d6302cf16c,apace.fit,available,2.98,45.98,medium,low,5,namecheap,,,13/09/2026 20:22
92f74f39-fd75-4be2-9408-0b4625b8869b,stewart.fit,premium,96,29.5,high,low,7,namesilo,,,29/09/2026 17:05
bf4de10a-2d02-4f02-b970-45d16712b325,promise.fit,premium,47.2,29.5,high,low,7,namesilo,,,30/09/2026 07:33
5a4a4867-ae3c-4a54-94a6-c60b8c03bdee,gun.fit,premium,854,29.5,high,low,3,namesilo,,,28/09/2026 17:19
2f6ec906-3bc9-4588-81b9-0086b271235e,burred.fit,available,2.98,45.98,medium,low,6,namecheap,,,08/08/2026 17:23
a6092761-e9a6-4a82-a618-7d41d612708f,employee.fit,premium,52,32.5,high,low,8,namecheap,,,29/09/2026 08:21
2d03c7fe-19cf-4467-aede-d0221fb39efa,nickerson.fit,available,2.99,32.49,medium,low,9,namesilo,,,02/10/2026 00:40
afedecf2-83fe-4fc0-a3c6-fb54903f9b22,responses.fit,available,2.99,32.49,medium,low,9,namesilo,,,29/09/2026 17:29
45c24916-17e6-496f-9714-0b4b285f2707,kenny.fit,available,2.99,32.49,medium,low,5,namesilo,,,26/09/2026 03:38
017591a3-5935-49af-92de-8409e2d14dcf,adit.fit,premium,47.2,29.5,medium,low,4,namesilo,,,17/09/2026 08:21
6f85d714-c3c0-4c97-9d97-92be0dfbfad8,wow.fit,premium,2660,29.5,high,medium,3,namesilo,,,29/09/2026 23:07
0c033ab4-a967-4f67-9b15-8a328cf98a82,davao.fit,premium,41.6,26.08,medium,low,5,spaceship,,,30/09/2026 22:13
30806a66-6f6a-4e5c-9a09-c5f3ebb082f7,willa.fit,available,26.97,26.97,medium,low,5,dynadot,,,01/10/2026 09:55
c2ede0b7-cd22-4e09-b5c0-a222e9695a3c,asocial.fit,available,2.98,45.98,medium,low,7,namecheap,,,07/08/2026 04:36
70c22af5-5055-46b7-9bb3-42c3a3ba892a,summative.fit,available,2.98,45.98,medium,low,9,namecheap,,,11/09/2026 01:36
aca15993-78e9-46fe-ad62-64baa8d7805b,ocher.fit,available,2.98,45.98,high,low,5,namecheap,,,04/09/2026 00:31
e4d37e04-fe12-4691-970a-a32b8ac7f4fc,rhyming.fit,available,2.98,45.98,high,low,7,namecheap,,,09/09/2026 16:53
0c66007f-0591-494e-8791-4180abd2b1a8,bennet.fit,available,2.99,32.49,high,low,6,namesilo,,,23/09/2026 08:30
30c80949-3e9c-4fd5-a425-2f60030d5ce8,beef.fit,premium,50,46.99,high,low,4,name.com,,,23/09/2026 00:18
55ce92b0-1f2b-4cea-a9a6-c830c77eae45,resonating.fit,available,2.99,32.49,medium,low,10,namesilo,,,27/09/2026 12:29
8633c528-0d14-498f-8819-9fa928bc79e3,thalassic.fit,available,2.98,45.98,medium,low,9,namecheap,,,11/09/2026 12:22
7b980065-3f04-41a9-8d2b-5f95886dd07d,hoping.fit,available,2.99,32.49,high,low,6,namesilo,,,25/09/2026 11:50
e39c3d8f-ee95-439e-bb8b-41e518d1ef39,fused.fit,available,2.99,32.49,high,low,5,namesilo,,,22/09/2026 03:03
85623c5e-b917-4012-9f0c-aa597c3ed33e,ppv.fit,premium,,,high,low,3,,,,30/09/2026 23:00
e5c36d6e-6c8e-488c-befa-13583052deb3,ripon.fit,available,1.75,26.08,high,low,5,spaceship,,,29/09/2026 16:21
2827135e-78b3-4d1c-a410-889b494f37d2,trent.fit,available,2.99,32.49,high,low,5,namesilo,,,25/09/2026 10:26
42f1069f-4319-4986-ac35-2434212c573d,shortness.fit,available,2.99,32.49,medium,low,9,namesilo,,,16/09/2026 17:27
da5180ca-8ef4-4e55-b817-90da2fdf027c,lunisolar.fit,available,2.98,45.98,medium,low,9,namecheap,,,24/08/2026 11:31
3732c15d-fe89-43d7-8541-8d8db5aa797e,airflow.fit,available,2.99,32.49,high,low,7,namesilo,,,17/09/2026 22:13
f3de7cff-8503-44f8-a1aa-857effee1e31,steed.fit,available,26.97,26.97,medium,low,5,dynadot,,,01/10/2026 21:53
36365cbf-fe61-4854-a7ad-f010f1ea2dea,thereafter.fit,available,2.99,32.49,high,low,10,namesilo,,,16/09/2026 08:38
35596e7f-2f85-4343-bde8-e4a8d27a950a,ernst.fit,available,2.99,32.49,high,low,5,namesilo,,,25/09/2026 05:39
d95eeb39-4c61-464c-811f-5196d10d8c63,owes.fit,premium,41.6,26.08,medium,low,4,spaceship,,,28/09/2026 05:04
0e6702c0-ab7b-43e4-a10b-641028817d45,gangsters.fit,available,1.75,26.08,low,low,9,spaceship,,,01/10/2026 18:01
28a412bb-c47a-4922-9360-c6aacf264b98,junkyard.fit,available,2.98,45.98,high,low,8,namecheap,,,02/10/2026 15:52
ffbdb2cf-56b2-436c-9dbc-d377def4df3f,madurai.fit,premium,47.2,29.5,medium,low,7,namesilo,,,03/10/2026 04:38
bbca5b71-d1aa-4d11-927f-fc564f866129,winifred.fit,available,1.75,26.08,medium,low,8,spaceship,,,28/09/2026 21:52
e9b6a68b-8774-48b8-8394-89a7af3749e5,middle.fit,premium,96,29.5,high,low,6,namesilo,,,23/09/2026 13:24
589cc2db-c4c5-4584-bb08-4152603c2b94,castled.fit,available,2.98,45.98,medium,low,7,namecheap,,,11/08/2026 20:28
7aa7b4d7-db2f-402e-90aa-f71fd26c2128,commodious.fit,available,2.98,45.98,medium,low,10,namecheap,,,12/08/2026 19:10
d1b11660-dc83-45b0-af45-7f3345a3b0b8,majuscule.fit,available,2.98,45.98,medium,low,9,namecheap,,,24/08/2026 13:26
349c3685-a6a5-41a2-a5d5-fd8956a07f21,wycliffe.fit,available,1.75,26.08,medium,low,8,spaceship,,,03/10/2026 01:22
bbfb26fe-1486-470e-8c0e-4c51251aff12,disappointment.fit,available,2.99,32.49,medium,low,14,namesilo,,,
9cd29acb-6c87-4cd5-831f-fa3c4d5a237c,guarantees.fit,available,2.06,26.26,medium,low,10,porkbun,,,29/09/2026 11:28
50089d2b-d30d-4f24-91a1-a3c7433ded5d,babbitt.fit,available,2.99,32.49,medium,low,7,namesilo,,,21/09/2026 12:17
18de5c96-64a4-4f25-8136-bc2e21344b1e,juridic.fit,available,2.98,45.98,medium,low,7,namecheap,,,22/08/2026 14:42
8fd4c6d6-b06e-449a-a947-40c88bdbf4b4,annotated.fit,available,2.99,32.49,high,low,9,namesilo,,,02/10/2026 01:13
041b786f-59fb-4592-83d2-32a8543d5240,richest.fit,available,1.75,26.08,medium,low,7,spaceship,,,28/09/2026 12:54
ce2b30f2-450e-456b-ad38-181d19b06b1e,genitive.fit,available,2.98,45.98,medium,low,8,namecheap,,,18/08/2026 21:46
0fdd7a78-3e3e-4b00-a3a0-5854451c273a,transeunt.fit,available,2.98,45.98,medium,low,9,namecheap,,,11/09/2026 18:53
11ab2ae3-9dcc-4aec-94cb-b340f86b263c,baedeker.fit,available,2.99,32.49,medium,low,8,namesilo,,,21/09/2026 17:22
16cbad3a-c35f-4571-b2fd-a971707f5d40,underling.fit,available,2.98,45.98,medium,low,9,namecheap,,,11/09/2026 00:39
23f68e39-7821-44c5-a21f-cf26f2b58b58,rubbed.fit,available,2.99,32.49,medium,low,6,namesilo,,,17/09/2026 07:54
def6c1f2-cc69-4d39-a187-17402cdf6689,brains.fit,premium,96,29.5,high,low,6,namesilo,,,25/09/2026 18:40
85461df7-542e-4139-8812-05b3ea416177,influence.fit,premium,47.2,29.5,high,low,9,namesilo,,,08/09/2026 08:44
64e66274-371e-4ccb-a2e6-b614068014dc,bremerton.fit,available,2.99,32.49,medium,low,9,namesilo,,,02/10/2026 08:13
4b4969ca-1893-4f5b-a69b-cb1910a7196a,karabakh.fit,available,25.2,25.2,medium,low,8,cloudflare,,,02/10/2026 09:33
9fb0ae9a-49c5-4915-ac1b-4ad3fdd3ce74,grayish.fit,available,2.98,45.98,high,low,7,namecheap,,,20/08/2026 18:56
b2be491b-6762-4170-a034-5056780e9f9b,voluntarily.fit,available,2.99,32.49,high,low,11,namesilo,,,01/10/2026 05:44
42fb9c82-97b8-449d-9a45-6adae2858460,dogmatism.fit,available,2.99,32.49,medium,low,9,namesilo,,,23/09/2026 15:23
2f1a8660-9f36-4611-92dc-6ef4ae890b33,edi.fit,premium,414.2,26.08,high,low,3,spaceship,,,30/09/2026 23:37
5a49f879-6466-426d-b625-7d17964c9450,boccaccio.fit,available,2,26.97,high,low,9,dynadot,,,02/10/2026 14:24
88c1c159-394b-476e-a8ba-792415853f34,snaky.fit,available,2.98,45.98,medium,low,5,namecheap,,,10/09/2026 04:47
1cad427c-4dbb-4243-8b28-2ddf3e590ee9,flashing.fit,available,1.75,26.08,medium,low,8,spaceship,,,28/09/2026 19:14
63e58ee8-75de-42f5-8688-b002a2363919,snub.fit,premium,47.2,29.5,high,medium,4,namesilo,,,10/09/2026 12:47
a5073463-f79d-4c4d-8a1b-83a3955b73fe,strikingly.fit,available,2.99,32.49,medium,low,10,namesilo,,,16/09/2026 07:22
0450f107-2a4e-4018-92ed-60e617e5eadf,hmo.fit,premium,854,29.5,high,low,3,namesilo,,,02/10/2026 15:40
d614c620-9360-4ada-bd07-f59667811ab8,grim.fit,premium,47.2,29.5,medium,low,4,namesilo,,,14/08/2026 11:41
f65ff812-dd41-4ab2-870f-d2a76e3f243a,prate.fit,available,2.98,45.98,medium,low,5,namecheap,,,23/09/2026 23:29
dd06b8cb-5b8d-43e2-865f-37301fb4ec20,jocund.fit,available,2.98,45.98,medium,low,6,namecheap,,,22/08/2026 13:40
735e5952-bea2-46c1-bb02-87fb88c28643,frog.fit,premium,50,46.99,high,low,4,name.com,,,05/08/2026 21:03
8f3a4cd6-bd86-4777-97e6-5cea2bf02e55,grouping.fit,available,1.75,26.08,high,low,8,spaceship,,,29/09/2026 21:36
28437062-4b0c-4733-87b4-09c6510e55bf,dawes.fit,available,1.75,26.08,medium,low,5,spaceship,,,28/09/2026 09:30
e0728b6e-a1b0-49ac-aec9-17e95d5a4657,http.fit,premium,218.86,27.82,high,high,4,porkbun,,,29/09/2026 23:09
4c5ffbee-3685-49c4-a4ef-7e99b8e13dee,episcopal.fit,available,2.98,45.98,medium,low,9,namecheap,,,17/08/2026 11:09
45534c5f-710b-410d-b49b-874b4965e99f,discs.fit,available,1.75,26.08,medium,low,5,spaceship,,,30/09/2026 23:56
638c06db-6d66-4df9-a74d-6dcac571b5eb,replacing.fit,available,2.99,32.49,medium,low,9,namesilo,,,29/09/2026 02:02
40618212-617f-4831-87a0-bc2ae4492013,whittaker.fit,available,26.97,26.97,medium,low,9,dynadot,,,28/09/2026 16:41
0f307819-b8f7-409c-bfd6-e93fe580bf9e,unfaithful.fit,available,2.98,45.98,medium,low,10,namecheap,,,17/08/2026 21:18
97f2bed3-40d8-4423-98b3-6298092eb633,fins.fit,available,2.99,32.49,medium,low,4,namesilo,,,30/09/2026 06:35
dcbb9809-ca27-4c6d-b227-d44fdb87125b,flowerbed.fit,available,2.99,32.49,high,low,9,namesilo,,,22/09/2026 22:58
df7de9e7-40fe-4b64-ae47-d23ee33059cc,adventurous.fit,available,2.99,32.49,high,low,11,namesilo,,,29/09/2026 14:20
67be7632-55f2-4f7c-95ca-8d922b15deef,murmansk.fit,available,2.99,32.49,medium,low,8,namesilo,,,02/10/2026 05:50
4535a546-debf-458f-a860-45f3a2d7da25,daggett.fit,available,2.99,32.49,medium,low,7,namesilo,,,02/10/2026 00:55
c310fb24-b856-4a7a-88ae-1a2b1bbb83b1,skylark.fit,available,2.99,32.49,high,low,7,namesilo,,,18/09/2026 02:17
7835e6ac-e8e6-46c6-ad19-13067798e347,fri.fit,premium,,,high,low,3,,,,02/10/2026 04:58
e369b91b-d558-42d0-9b76-0f1a97889488,departmental.fit,available,2.99,32.49,medium,low,12,namesilo,,,30/09/2026 14:39
f4f55db2-d427-46ac-9b81-e408482e74d0,theodore.fit,available,2.98,45.98,high,low,8,namecheap,,,29/09/2026 02:58
67e8bbf6-9e62-428a-8e92-8b849206bfa0,postoffice.fit,available,2.99,32.49,high,low,11,namesilo,,,03/10/2026 01:18
5f9ed558-e876-469d-8e5a-d6fd550a7cb6,granny.fit,available,1.75,26.08,high,low,6,spaceship,,,29/09/2026 21:16
9701e6f6-cb28-4b84-9272-3912d0bc676c,monroe.fit,premium,96,29.5,high,low,6,namesilo,,,28/09/2026 02:11
cfe53a52-fcb8-4f14-bcdb-8e45965f5c72,scaphoid.fit,available,2.98,45.98,medium,low,8,namecheap,,,03/09/2026 14:11
bf268e83-77d3-463a-be64-703f83e7100a,retraction.fit,available,2.99,32.49,medium,low,10,namesilo,,,16/09/2026 15:59
2baeb8dc-ca59-4202-988d-ea5e23da1b56,treasures.fit,available,1.75,26.08,medium,low,9,spaceship,,,29/09/2026 05:28
d50dc73d-addd-439e-b6ff-c0fa12a16c7f,anorak.fit,available,2.99,32.49,medium,low,6,namesilo,,,19/09/2026 11:41
3c647c89-e777-471f-b5cb-67179597c866,journalistic.fit,available,26.97,26.97,medium,low,12,dynadot,,,02/10/2026 02:11
d9b7f467-2e2c-49e8-b35e-13d76116114f,noctuidae.fit,available,25.2,25.2,medium,low,9,cloudflare,,,30/09/2026 17:16
1b31ee67-4b0d-4866-8e1f-7a58fce7edb7,zippy.fit,resell,,,high,low,5,"Spaceship, Inc.",05/12/2025 19:51,05/12/2026 19:51,26/09/2026 10:17
764fa5f7-f654-4246-a971-f35f3b9fc946,fecund.fit,available,2.98,45.98,medium,low,6,namecheap,,,18/08/2026 00:34
60f9c054-af0b-4f76-b6ac-050b41bce1a6,murder.fit,available,2.99,32.49,medium,low,6,namesilo,,,26/09/2026 00:00
04b1abca-3b13-4f6e-8e28-8c11926558a8,affinal.fit,available,2.98,45.98,medium,low,7,namecheap,,,
39a9d92a-c637-4475-9bc6-4d6c47e36403,storms.fit,available,2.98,45.98,medium,low,6,namecheap,,,17/09/2026 15:55
833b927e-34d0-44fd-9322-2d10dd2cc2ac,unseeable.fit,available,2.98,45.98,medium,low,9,namecheap,,,22/08/2026 09:08
fce3b6b4-a331-459c-8622-a675392c8339,spaceward.fit,available,2.99,32.49,medium,low,9,namesilo,,,16/09/2026 05:42
8c40335b-d4c8-43fd-a7e0-28b12045ffcc,knocked.fit,available,2.99,32.49,low,low,7,namesilo,,,25/09/2026 18:45
41c0e8a9-5ffb-4333-a39c-6d24323eec9a,spaulding.fit,available,2.99,32.49,high,low,9,namesilo,,,29/09/2026 11:11
3c8c3d98-aaac-4f44-833b-ce818403d170,ruthenium.fit,available,2.99,32.49,medium,low,9,namesilo,,,20/09/2026 23:08
d4d9ab8d-0769-476f-a6c9-cdfd8c7b92ce,fizzle.fit,available,2.98,45.98,medium,low,6,namecheap,,,11/08/2026 11:19
5a050e2b-f260-4234-969f-3637aa1dfaeb,trenches.fit,available,1.75,26.08,high,low,8,spaceship,,,29/09/2026 10:54
78217846-b541-4bc0-9807-a8d2e6b54dfc,baste.fit,available,2.99,32.49,medium,low,5,namesilo,,,22/09/2026 12:43
9670f36a-60dc-4023-a197-0c899fb03ba3,tremor.fit,available,2.99,32.49,high,low,6,namesilo,,,02/10/2026 14:56
0adeb89b-a4a1-4e8e-8621-98bf4a656b65,wesley.fit,available,2.98,45.98,high,low,6,namecheap,,,25/09/2026 22:12
b68f2eed-decf-47db-98c9-3e16017ef279,unevenly.fit,available,2.98,45.98,medium,low,8,namecheap,,,15/09/2026 22:30
fddc574d-9e92-48bb-b97b-9bbdc3290143,southmost.fit,available,2.98,45.98,high,medium,9,namecheap,,,10/09/2026 14:55
8f90f5be-5f72-4de5-9ec8-ca45a560227f,canasta.fit,available,2.99,32.49,medium,low,7,namesilo,,,22/09/2026 11:16
297b038f-c9b6-4954-9b11-6dfd9bab816d,darren.fit,available,1.75,26.08,high,low,6,spaceship,,,28/09/2026 11:25
3c8c9f4b-ed37-4994-bd0d-dba5aca7b71d,bannock.fit,available,2.99,32.49,medium,low,7,namesilo,,,22/09/2026 02:55
f68ad3d1-ae8f-4803-8eb1-4715ee5d3bef,gary.fit,premium,104,32.5,high,low,4,namecheap,,,25/09/2026 06:21
1ce72ec5-5880-4406-8f6c-76f138165fc8,burned.fit,available,2.99,32.49,medium,low,6,namesilo,,,23/09/2026 11:37
2a8beba0-feb7-43f4-b73e-0517523c23be,glistening.fit,available,2.98,45.98,high,low,10,namecheap,,,20/08/2026 14:30
302d4a7b-9bb2-44ee-a703-f31d76c496c7,osseous.fit,available,2.98,45.98,medium,low,7,namecheap,,,04/09/2026 18:18
01a021c2-f08a-49d1-ab11-07f7d418b16d,gamma.fit,resell,,,high,high,5,,,,29/09/2026 06:30
cbd1dfd5-26b9-438d-a876-7a9d50d70d76,begins.fit,available,2.99,32.49,medium,low,6,namesilo,,,25/09/2026 20:45
539747f4-b526-429a-8a0b-441dd57f6510,mesic.fit,available,2.98,45.98,medium,low,5,namecheap,,,24/08/2026 21:11
ed2e0372-8cf3-414f-ab03-974836138508,freeborn.fit,available,2.98,45.98,medium,low,8,namecheap,,,18/08/2026 14:53
5b363e65-3365-4586-b184-0c49fb917039,mesmerized.fit,available,2.98,45.98,high,low,10,namecheap,,,17/08/2026 22:50
9502de95-1c0a-4e79-90c9-593d8e22f24d,hamish.fit,available,1.75,26.08,medium,low,6,spaceship,,,30/09/2026 21:04
3cc6e1ff-d5ec-49ae-8dd8-757af4349ce6,harrison.fit,premium,47.2,29.5,high,low,8,namesilo,,,23/09/2026 08:20
41c64f0e-4657-4583-9db1-9560067bbb10,intrepid.fit,resell,2.99,,high,low,8,"Spaceship, Inc.",02/05/2026 02:43,02/05/2027 02:43,26/09/2026 06:56
25ff7a9d-a308-44af-9b05-27c6f8b7e5f2,inn.fit,premium,96,29.5,high,low,3,namesilo,,,21/09/2026 02:28
6bb3fea7-6c32-4568-8568-d01500ee7012,branson.fit,premium,104,32.5,high,low,7,namecheap,,,29/09/2026 17:54
e5733a0e-a494-4b23-9b70-4b84325ec674,reconstructed.fit,available,2.06,26.26,medium,low,13,porkbun,,,30/09/2026 22:29
3ffe021f-2e56-402e-aebf-0af0e9b45573,becca.fit,available,2.98,45.98,high,low,5,namecheap,,,03/10/2026 05:08
5b288a99-73a7-4e2d-ad92-37f385c8260b,phocine.fit,available,2.98,45.98,medium,low,7,namecheap,,,08/09/2026 18:58
bfe93ff2-f40a-4b86-807c-acd2b3e9722b,lush.fit,resell,,,high,medium,4,"Spaceship, Inc.",13/03/2026 04:48,13/03/2027 04:48,26/09/2026 07:21
f53bf388-c885-4860-b182-1dc587ae872d,tamarack.fit,available,2.98,45.98,medium,low,8,namecheap,,,18/09/2026 20:18
d18ae174-0b68-4369-9346-d062d15296e2,actions.fit,available,2.98,45.98,medium,low,7,namecheap,,,
2a78f468-ac79-4c84-8b76-4ed63827dfd6,juan.fit,premium,,,high,low,4,,,,27/09/2026 18:50
07907322-25c3-491c-9ddb-e14a71f33037,imminently.fit,available,2.98,45.98,medium,low,10,namecheap,,,15/09/2026 02:00
414c4872-aefc-451b-8e39-6a9fdf5639ef,projective.fit,available,2.99,32.49,high,low,10,namesilo,,,30/09/2026 03:59
dd36d42a-ce16-44cc-bbb1-89c7dacb7904,anthology.fit,available,2.99,32.49,high,low,9,namesilo,,,19/09/2026 13:28
63251534-8847-453a-9083-23ed62c54ea0,devalued.fit,available,2.98,45.98,medium,low,8,namecheap,,,14/08/2026 05:02
a2bc25fd-ea69-42e3-8b48-9a3eb17f6069,quiesce.fit,available,2.98,45.98,medium,low,7,namecheap,,,09/09/2026 08:52
2de370fd-903f-46b0-b66c-a0e58b8fbb1f,starchy.fit,available,2.98,45.98,medium,low,7,namecheap,,,11/08/2026 07:29
4e8b14cd-ae5d-4632-87a8-d8a1bfff9de8,grooved.fit,available,2.98,45.98,medium,low,7,namecheap,,,20/08/2026 20:17
3c3dd6f6-8b47-4f40-a2ff-65efe0ed2830,protection.fit,premium,47.2,29.5,high,low,10,namesilo,,,19/09/2026 09:47
7fe49b13-be48-4a02-a9b0-525047f60d75,justine.fit,available,2.98,45.98,medium,low,7,namecheap,,,29/09/2026 15:24
c7b16bb9-09df-41e6-a14f-2e44ced22918,stabilizer.fit,available,1.75,26.08,high,low,10,spaceship,,,03/10/2026 02:10
b3c58b92-8f2f-46bc-9adc-0eaa2f63d114,militant.fit,available,2.98,45.98,high,low,8,namecheap,,,
131ac453-14f0-4b9f-8d89-8c9e40e422bf,manifestly.fit,available,2.98,45.98,medium,low,10,namecheap,,,08/09/2026 20:23
1c1a692a-75e3-4327-869d-0759064e07aa,dub.fit,premium,828.2,26.08,high,low,3,spaceship,,,02/10/2026 14:54
b94e8fd7-a1df-4ba0-9669-e7f73f16e13f,appliance.fit,available,2.99,32.49,high,low,9,namesilo,,,19/09/2026 21:44
042248fd-9520-4fdc-95a1-55ba2e67e2ec,anabaptist.fit,available,2.99,32.49,medium,low,10,namesilo,,,19/09/2026 00:49
53d2e05e-cdf3-4b5e-abb7-c7716bcb5b1b,northwest.fit,premium,41.6,26.08,medium,low,9,spaceship,,,28/09/2026 17:00
0b3c0b59-1b64-4e90-884d-9e2af8ad3003,compensate.fit,available,1.75,26.08,high,low,10,spaceship,,,27/09/2026 15:05
202baad2-a360-4818-93de-d5ab49d6712a,turnovers.fit,available,2.99,32.49,medium,low,9,namesilo,,,19/09/2026 22:02
2c806546-a2ac-4135-8093-fade63927c32,fundraising.fit,available,26.97,26.97,high,low,11,dynadot,,,02/10/2026 01:51
03387d65-d9cb-4b08-be76-c9cafadbc551,unhelpful.fit,available,2.98,45.98,medium,low,9,namecheap,,,12/09/2026 12:26
0d49618c-a467-4a69-8cf1-5c742c52b7ce,films.fit,resell,,,medium,low,5,"Spaceship, Inc.",03/07/2026 16:34,03/07/2027 16:34,26/09/2026 06:04
0d14f132-2adc-4d4f-92bf-55ec35fefbe0,oswald.fit,available,2.99,32.49,high,low,6,namesilo,,,25/09/2026 08:53
5942dbc4-4e3f-4447-8d1d-7f0456b8eb9b,bicker.fit,available,2.99,32.49,medium,low,6,namesilo,,,23/09/2026 13:12
b8dc27f9-b416-4865-a7ce-ec6ce8c15bf1,reduces.fit,available,2.99,32.49,medium,low,7,namesilo,,,02/10/2026 13:41
b44babaa-e611-4461-8535-61fbf708c30a,winey.fit,available,2.98,45.98,medium,low,5,namecheap,,,13/09/2026 12:27
a033aac4-f168-43c4-ae66-91e2c07614f9,hurts.fit,available,25.2,25.2,medium,low,5,cloudflare,,,27/09/2026 23:53
27589964-de8d-4e51-9f36-cb8b07d20b7c,babysitter.fit,available,2.99,32.49,high,low,10,namesilo,,,21/09/2026 13:10
2b0bbc3d-86a4-4a1f-9dc9-672b8af8b626,rein.fit,premium,41.6,26.08,high,low,4,spaceship,,,30/09/2026 09:27
91fe3571-f983-4c51-b0b1-373764c758c0,leg.fit,premium,854,29.5,high,low,3,namesilo,,,30/09/2026 02:45
0450c4e9-64dc-4f16-8671-3d23897caba3,disorderly.fit,available,2.98,45.98,medium,low,10,namecheap,,,14/08/2026 11:51
2fc63bba-37f2-424b-99b5-5aa58b647782,savory.fit,available,2.98,45.98,high,low,6,namecheap,,,25/08/2026 08:48
05ab2295-5874-4b7a-8c42-8d83b1e29d54,tailless.fit,available,2.98,45.98,medium,low,8,namecheap,,,05/08/2026 21:33
9355ca8b-076f-41ef-9fd8-5fed6f0cb92b,tenanted.fit,available,2.98,45.98,medium,low,8,namecheap,,,11/09/2026 11:09
351a40c7-c8ee-42f0-ad0d-68f4aac9c247,aleutian.fit,available,2.98,45.98,medium,low,8,namecheap,,,
277fd11a-a8ff-4846-be15-089387ed7f7d,floods.fit,available,2.99,46.99,low,low,6,name.com,,,18/09/2026 19:03
68e30510-c1c9-4078-88cd-f882dfe03c80,mme.fit,premium,414.2,26.08,high,low,3,spaceship,,,29/09/2026 03:05
de629a8a-50a0-4ff3-9c15-6e35b6a71179,edgeways.fit,available,2.98,45.98,medium,low,8,namecheap,,,14/09/2026 15:04
4304ab02-4bdb-4652-aa1a-9953f4b1d692,prefab.fit,available,2.98,45.98,high,medium,6,namecheap,,,09/09/2026 01:33
e2501fa7-6877-4aeb-92f8-9f81e0043a12,unifying.fit,available,2.98,45.98,high,low,8,namecheap,,,12/08/2026 22:44
feb73f62-22d5-4741-b27c-15b5f1eed22e,photographs.fit,available,2.99,32.49,high,low,11,namesilo,,,27/09/2026 09:34
d00cff14-a6dc-4731-96a1-bb7fb29265e6,karlsson.fit,available,1.75,26.08,medium,low,8,spaceship,,,02/10/2026 20:04
32dabb2b-6e1d-45d9-9cec-9135f7978e67,artists.fit,available,2.99,32.49,high,low,7,namesilo,,,28/09/2026 00:02
2164956e-8237-408a-aa0f-53ae3faf7a44,bcs.fit,premium,512,29.5,high,low,3,namesilo,,,29/09/2026 15:15
605c604e-35c1-447e-8eef-f0dfcd24ea65,bioethics.fit,available,2.98,45.98,high,low,9,namecheap,,,23/09/2026 17:56
ece3bddc-d6dd-46c4-af1d-70c1847e9202,lemony.fit,available,2.98,45.98,high,low,6,namecheap,,,22/08/2026 23:24
0748b563-f2f7-48cc-8d1c-683e729115f3,dehydrate.fit,available,2.98,45.98,medium,low,9,namecheap,,,14/08/2026 03:38
f6e27249-0247-4210-bdd1-b55712d5d891,solferino.fit,available,2.99,32.49,medium,low,9,namesilo,,,22/09/2026 15:59
3b46ea3d-4660-41ce-8679-8968202822d0,fibres.fit,available,1.75,26.08,medium,low,6,spaceship,,,02/10/2026 11:53
352e6a76-4abc-4786-ac00-d2b85dbe6617,greenish.fit,available,2.99,46.99,medium,low,8,name.com,,,13/08/2026 18:01
ceff04b9-0e1f-4261-ba37-22211137798d,julio.fit,available,1.75,26.08,high,low,5,spaceship,,,29/09/2026 03:04
7d712c4e-3416-4c71-a5e9-7241d34cb945,osbourne.fit,available,2.99,32.49,medium,low,8,namesilo,,,02/10/2026 09:54
a421b988-c0ce-4f0f-a342-11a2127ea7eb,claus.fit,available,2.99,32.49,medium,low,5,namesilo,,,27/09/2026 02:28
8ea52c24-9189-4e7f-a8db-4d389ec72d7d,versus.fit,resell,,,high,low,6,,,,27/09/2026 17:11
9aa1345c-cd76-4e0b-bb2f-b7da78e5d008,digitiser.fit,available,2.99,32.49,high,low,9,namesilo,,,19/09/2026 01:52
e1bb455e-8a12-40b1-98c8-c7a5a3831e23,abls.fit,premium,47.2,29.5,medium,low,4,namesilo,,,16/09/2026 16:13
3fc6e788-367e-4c79-8262-5c434847a96b,stanton.fit,premium,96,29.5,high,low,7,namesilo,,,25/09/2026 05:30
17bf49eb-63ea-4337-b061-6af5eb9ab86e,lunched.fit,available,2.99,46.99,medium,low,7,name.com,,,21/09/2026 04:17
dbe13d6b-2afc-4a78-b77d-853198cf1c7e,confetti.fit,available,2.99,32.49,high,low,8,namesilo,,,29/09/2026 10:53
1754e06d-6857-4b3e-a8d8-004b81779204,rafts.fit,available,2.98,45.98,high,low,5,namecheap,,,14/09/2026 23:26
daf9533e-9dfc-4776-a5f1-4ef2b58b5006,alimental.fit,available,2.98,45.98,high,low,9,namecheap,,,
f0567765-d914-48e2-a830-6deb17fe7a4e,arising.fit,available,1.75,26.08,high,low,7,spaceship,,,02/10/2026 17:55
7a835ec3-bada-4284-b85b-dbf07ea95ba0,entries.fit,available,1.75,26.08,medium,low,7,spaceship,,,30/09/2026 06:24
98194459-c774-440b-be40-bd7b41ae417c,raton.fit,available,1.75,26.08,medium,low,5,spaceship,,,28/09/2026 22:49
13a1d6dd-7d1c-4102-9d0f-a3e488171550,glary.fit,available,2.98,45.98,medium,low,5,namecheap,,,10/08/2026 13:49
9864f40a-895c-458b-b570-d81a355e0d65,armour.fit,resell,,,medium,low,6,"Spaceship, Inc.",02/05/2026 02:43,02/05/2027 02:43,26/09/2026 04:01
22c42c27-2f6e-404d-bd4f-b8d14496c63e,disbelief.fit,available,2.99,32.49,medium,low,9,namesilo,,,24/09/2026 22:29
e45f34d9-34cc-46d5-a2d1-b62eb558bde3,credited.fit,available,1.75,26.08,high,low,8,spaceship,,,01/10/2026 06:00
539d3e7e-893d-42ab-85d1-9e36c24e1104,endurance.fit,premium,500,,high,low,9,name.com,,,29/09/2026 18:12
e04e6bbb-9e72-44b4-af15-3cb42cddf592,polygons.fit,available,25.2,25.2,medium,low,8,cloudflare,,,29/09/2026 17:57
65bae62e-8510-4996-933c-9ddc78ce74c3,populace.fit,available,2.98,45.98,high,low,8,namecheap,,,09/09/2026 05:22
5c5f6999-80fd-4f2c-8639-825e063f2885,aip.fit,premium,512,29.5,high,low,3,namesilo,,,01/10/2026 07:20
d0417b94-61cf-4617-af8a-32c2061e3af8,berm.fit,premium,52,32.5,medium,low,4,namecheap,,,23/09/2026 09:41
fdd43503-f13e-4cb9-b1ed-62dbb0f860ff,romero.fit,premium,,,medium,low,6,,,,29/09/2026 21:33
e3499dd8-ac26-4d97-9972-474a31bfe039,blueness.fit,available,2.98,45.98,high,low,8,namecheap,,,10/08/2026 15:51
19a7bd7e-7222-44b7-a3dd-e48bf592b939,vinson.fit,available,1.75,26.08,medium,low,6,spaceship,,,29/09/2026 12:24
07a3ffe1-86c2-44df-9349-fc478b3d9986,butterball.fit,available,2.98,45.98,medium,low,10,namecheap,,,17/08/2026 23:59
14705596-5a94-4c7c-a8db-a192311a7a06,pella.fit,available,2,26.97,medium,low,5,dynadot,,,02/10/2026 19:14
e502df11-4635-4149-98ba-5b8759defc97,variable.fit,available,2.99,32.49,high,low,8,namesilo,,,28/09/2026 10:08
3155c902-2b70-42a0-99cf-729cc7342ef0,zamang.fit,available,2.98,45.98,medium,low,6,namecheap,,,18/09/2026 03:18
ed136140-a60c-44ef-99a1-5762007f9ff9,robison.fit,available,1.75,26.08,medium,low,7,spaceship,,,30/09/2026 21:35
cacee990-fa9e-4ed2-acc8-878ca02536cd,commune.fit,resell,,,high,low,7,,,,30/09/2026 01:05
6abe3dc2-a892-4a48-855b-d439f081dfb3,polyatomic.fit,available,2.98,45.98,medium,low,10,namecheap,,,08/09/2026 23:10
1cced816-8689-4612-80bd-afad5a2c1552,associated.fit,available,2.98,45.98,medium,low,10,namecheap,,,28/09/2026 08:17
232f1494-4069-4a8b-9fc9-f8bf598200df,rocklike.fit,available,2.98,45.98,medium,low,8,namecheap,,,20/08/2026 18:00
17ed7138-eea5-444d-8f04-63d198995f33,trash.fit,resell,,,high,low,5,"Spaceship, Inc.",07/03/2026 20:30,07/03/2027 20:30,26/09/2026 09:44
cfd64374-d3f2-4ba0-bdff-10458cf7ff83,slantwise.fit,available,2.98,45.98,medium,low,9,namecheap,,,16/09/2026 02:22
42ccb023-64db-4272-a399-6d3d9802e6d0,nra.fit,premium,854,29.5,medium,low,3,namesilo,,,29/09/2026 01:42
402b56e1-8956-4e34-adb1-f33c5b897844,keychains.fit,available,2.99,32.49,medium,low,9,namesilo,,,21/09/2026 02:44
a42d65ed-c7b0-46be-a578-dab40e1be033,adulterate.fit,available,2.98,45.98,medium,low,10,namecheap,,,
08590346-321d-4e86-bbcb-264a501adf02,extremist.fit,available,2.98,45.98,medium,low,9,namecheap,,,17/08/2026 19:32
93cd2624-7594-4179-bd84-62ca59d85f21,cooperative.fit,available,1.75,26.08,high,low,12,spaceship,,,29/09/2026 02:51
2fb1ac5f-2a26-4bd5-a4f4-3e9295309d45,contraception.fit,available,2.99,32.49,medium,low,13,namesilo,,,02/10/2026 21:47
19ffda9b-c95e-4708-9fb8-7b499e5e2fa7,environments.fit,available,2.06,26.26,medium,low,12,porkbun,,,01/10/2026 16:16
91036379-9f4f-4f6a-bb10-72a9e50155f7,nandi.fit,premium,41.6,26.08,high,low,5,spaceship,,,02/10/2026 18:59
22194520-f04f-45d6-bf4e-4a415e9f0624,deathless.fit,available,2.99,46.99,medium,low,9,name.com,,,13/08/2026 20:02
c4aa8f90-264f-4b82-bc51-2bc11fe1d736,neutrophils.fit,available,25.2,25.2,medium,low,11,cloudflare,,,30/09/2026 14:46
ba5abe01-f54f-42cd-a757-a8f5cc47340a,migrant.fit,available,2.98,45.98,high,low,7,namecheap,,,24/08/2026 22:47
802cafe4-b82c-435a-9afd-4235ebac60fc,confrontation.fit,available,2.99,32.49,low,low,13,namesilo,,,28/09/2026 17:10
996040c7-4e4e-44e0-ad40-19008f2b45c9,macpherson.fit,available,1.75,26.08,medium,low,10,spaceship,,,28/09/2026 22:18
3e0c8fd1-dfa8-475c-8e2e-ccaa609d80ef,ira.fit,premium,512,29.5,medium,low,3,namesilo,,,28/09/2026 14:31
d555de6f-bb77-4590-a569-90dccec46156,incumbent.fit,available,2.98,45.98,high,low,9,namecheap,,,22/08/2026 02:03
2d3026e3-0a51-4e46-9ce9-6e828072236a,gymnastic.fit,available,2.98,45.98,high,low,9,namecheap,,,
8bd86af9-da37-4aa0-8f69-a68b8d886da2,bedcover.fit,available,2.98,45.98,high,low,8,namecheap,,,22/09/2026 22:53
a0f7e213-0038-4701-808d-565b7ce8d4c3,pediatrics.fit,available,25.2,25.2,high,low,10,cloudflare,,,02/10/2026 16:19
dc5fae5c-f8d0-4d13-af0a-97e5df3d2bbc,azonic.fit,available,2.98,45.98,medium,low,6,namecheap,,,08/08/2026 02:32
611425ba-a411-41f7-80ab-098f0841593f,bundles.fit,available,26.97,26.97,medium,low,7,dynadot,,,01/10/2026 18:17
bc3db8e1-cf6a-4e9a-b2d6-4205742a8679,unmelted.fit,available,2.98,45.98,low,low,8,namecheap,,,12/09/2026 15:35
2c86d13f-0baa-42d5-b1c0-d32df9a25560,moulding.fit,available,2.99,32.49,medium,low,8,namesilo,,,24/09/2026 15:25
df9452e0-0e7d-4ae9-a829-cb4a9def6737,affliction.fit,available,2.99,32.49,medium,low,10,namesilo,,,17/09/2026 14:39
78484a37-8d28-4f24-b907-3cb7a4648507,atoll.fit,premium,47.2,29.5,high,low,5,namesilo,,,20/09/2026 21:52
0f98370c-17c3-4d35-9fc2-78f9cb1a9b41,hsbc.fit,premium,47.2,29.5,high,high,4,namesilo,,,02/10/2026 07:09
841eed66-7721-4e8e-8d61-0e56669c43d4,promoter.fit,available,25.2,25.2,high,low,8,cloudflare,,,29/09/2026 23:36
213d3908-8e16-4ce8-8f91-49d130654ca0,elbow.fit,available,2.99,32.49,high,low,5,namesilo,,,20/09/2026 11:23
e6c3a11e-a079-41df-bc0f-db940ecaed86,anecdotal.fit,available,2.98,45.98,medium,low,9,namecheap,,,
4bba5d24-caca-4db9-bfab-f29c8df20e50,unflavored.fit,available,2.98,45.98,medium,low,10,namecheap,,,03/09/2026 19:15
2d630b00-7ce5-4fad-89d0-a978ef3f5505,bus.fit,premium,828.2,26.08,high,low,3,spaceship,,,28/09/2026 23:27
ccbf3436-3f57-4d22-b6b6-8bc3d12c3ef9,punish.fit,available,2.99,32.49,high,low,6,namesilo,,,27/09/2026 06:05
fbab3e26-c919-498b-951f-5de03470db47,deist.fit,available,2.98,45.98,medium,low,5,namecheap,,,14/08/2026 00:15
899543d1-a586-4f82-815e-52bdf4e3b2c5,involuntary.fit,available,2.99,32.49,medium,low,11,namesilo,,,30/09/2026 11:32
5b6bf563-f8ea-42fc-a101-e98c0e4c2f33,hypocrisy.fit,available,2.99,32.49,medium,low,9,namesilo,,,30/09/2026 17:40
e2f8b1e8-11b8-431c-9444-e062edec5e6c,kings.fit,premium,2660,29.5,high,low,5,namesilo,,,27/09/2026 07:24
b94cb6ff-23df-45e5-9de9-77036ae657f1,sodomy.fit,available,2.99,46.99,medium,low,6,name.com,,,19/09/2026 01:34
86deed34-a560-477c-8d56-cc46566512d2,astride.fit,available,2.98,45.98,medium,low,7,namecheap,,,13/09/2026 22:11
8b2ee88b-e8f5-4f51-8a54-3eaf08aee0d6,sheared.fit,available,2.98,45.98,high,medium,7,namecheap,,,10/09/2026 06:10
866bb1b3-2d4d-44c2-8a75-792b010eb885,buckle.fit,available,25.2,25.2,medium,low,6,cloudflare,,,28/09/2026 18:30
f3ca6ca6-ddda-409d-af54-18bf60962cd9,romanov.fit,available,1.75,26.08,high,low,7,spaceship,,,02/10/2026 06:16
8a820c68-0537-4e56-8497-5d55dc2e9c27,minors.fit,available,25.2,25.2,high,low,6,cloudflare,,,29/09/2026 18:08
6147e6e9-af82-455e-b32b-b782505faedf,sheffield.fit,premium,47.2,29.5,high,low,9,namesilo,,,01/10/2026 03:42
83ea7275-a9cd-408a-b756-d9354e2c7663,moreover.fit,available,2.98,45.98,medium,low,8,namecheap,,,14/09/2026 20:44
5b5b6906-6924-4f8b-bef8-46bc75ec55b2,kirkpatrick.fit,available,2.99,32.49,medium,low,11,namesilo,,,28/09/2026 12:22
de81f47d-ace1-4271-9ab1-0754ef76ae30,gloom.fit,available,1.75,26.08,high,low,5,spaceship,,,01/10/2026 19:48
04d425a0-449b-461b-9d7e-cd7b37228585,ivanhoe.fit,available,1.75,26.08,medium,low,7,spaceship,,,01/10/2026 08:05
0cc754c2-64a5-4b01-9aae-5027ccdeda73,smithsonian.fit,available,2.99,32.49,high,low,11,namesilo,,,25/09/2026 12:40
32f40adb-3b49-46de-b91d-e0fbfc23ac6f,eiffel.fit,available,2.99,32.49,medium,low,6,namesilo,,,18/09/2026 05:59
b8556675-27b1-4164-ba93-8ce6d8cb5102,beaumont.fit,premium,96,29.5,high,low,8,namesilo,,,22/09/2026 22:14
d19deeb0-eb6f-43a6-8da7-53e2cdbb8f99,circadian.fit,available,2.98,45.98,high,low,9,namecheap,,,12/08/2026 08:17
a929b3f4-42f8-4a70-ba12-032fd8c30bf7,unbeaten.fit,available,2.98,45.98,high,low,8,namecheap,,,12/09/2026 01:45
5179e413-ad73-4009-a38d-074fc4682293,amplifiers.fit,available,2.99,32.49,medium,low,10,namesilo,,,17/09/2026 07:12
86c8ea2d-119d-44cf-a16f-3bfefc685db4,nibbed.fit,available,2.98,45.98,low,low,6,namecheap,,,03/09/2026 16:57
5168c988-5218-4591-a531-25e966eda807,excites.fit,available,2.98,45.98,medium,low,7,namecheap,,,20/09/2026 13:19
c70cbb74-e2a2-469b-8527-56f2863e702f,chiefly.fit,available,2.99,32.49,high,low,7,namesilo,,,25/09/2026 05:59
e7aed476-c12a-497a-a491-35a8013b61be,ferguson.fit,premium,104,32.5,high,low,8,namecheap,,,25/09/2026 17:55
a1dca8d6-d164-4461-8754-66e2f148e7b5,serial.fit,available,2.98,45.98,high,low,6,namecheap,,,21/08/2026 23:54
014a9b2e-f926-4dfc-9055-6ed3c86d7c16,chimp.fit,available,2.99,32.49,high,low,5,namesilo,,,24/09/2026 14:40
8f2a430c-dafb-499a-9a87-361497c07062,contingency.fit,available,1.75,26.08,high,low,11,spaceship,,,29/09/2026 22:54
6171a8af-99c9-4f97-a4b2-3e0b7d0b7f9e,zachary.fit,premium,96,29.5,high,low,7,namesilo,,,28/09/2026 11:58
5087ad39-9d2e-4d0b-81e5-b6bb4a921055,defects.fit,available,1.75,26.08,low,low,7,spaceship,,,30/09/2026 07:05
9d1decc0-31da-48db-bd59-fb79fb208615,timber.fit,resell,,,high,low,6,,,,28/09/2026 19:46
dbac7e15-6114-4cdc-bc16-5a5211d71827,sperry.fit,available,2.99,32.49,medium,low,6,namesilo,,,29/09/2026 00:47
91df9cb9-9beb-4436-8040-cf804a5fc644,ahl.fit,premium,414.2,26.08,high,low,3,spaceship,,,29/09/2026 10:25
114f42fd-5582-494d-b194-238a45296e02,couth.fit,available,2.98,45.98,medium,low,5,namecheap,,,13/08/2026 03:54
76f2e620-3529-44a8-abd5-81e6a50500e9,tentacular.fit,available,2.98,45.98,medium,low,10,namecheap,,,11/09/2026 11:35
bf9d6b79-9baa-4aff-bc17-549522c6edd1,obligate.fit,available,2.98,45.98,medium,low,8,namecheap,,,03/09/2026 23:37
fc1f3167-4df5-4663-9adf-cee22c62a618,noose.fit,available,2,26.97,medium,low,5,dynadot,,,03/10/2026 01:41
106bbb75-1db4-4489-a415-2a32c3450c00,extraneous.fit,available,2.98,45.98,medium,low,10,namecheap,,,17/08/2026 19:20
8f0a1cfd-1a66-485a-9f95-4a846c1d88b9,robotics.fit,resell,,,high,low,8,"Xiamen ChinaSource Internet Service Co., Ltd",30/04/2021 09:33,30/04/2027 09:33,02/10/2026 12:42
80d837ce-df60-4359-947c-cd5e1f3960db,britten.fit,available,2.99,32.49,medium,low,7,namesilo,,,23/09/2026 08:15
c98cab6e-8d3a-4884-8e4d-e5fdf9545268,myspace.fit,available,2.99,32.49,high,medium,7,namesilo,,,02/10/2026 02:12
6d0e966f-479d-4350-a2c1-ea54a2cbdde7,beguiled.fit,available,2.98,45.98,medium,low,8,namecheap,,,09/08/2026 09:46
158135ca-ce3b-479f-801e-f18d0077550e,moneymakers.fit,available,2.98,45.98,medium,low,11,namecheap,,,20/09/2026 18:20
36a35e6a-6bc2-4771-8a0b-267ec8433308,recession.fit,available,2.99,32.49,high,low,9,namesilo,,,27/09/2026 10:55
2c361daf-0f96-41b1-9d4c-bd21383c2b31,dalhousie.fit,available,1.75,26.08,medium,low,9,spaceship,,,29/09/2026 21:41
784e2c2b-fb3f-4184-9fa3-8121968e6e1b,queenlike.fit,available,2.98,45.98,medium,low,9,namecheap,,,09/09/2026 07:54
c08c65bf-3436-4c70-8438-5cceefd4f513,grenadines.fit,available,25.2,25.2,high,low,10,cloudflare,,,02/10/2026 00:31
5e71a0ae-eb5d-4be1-ab05-709bc58317a2,accentor.fit,available,2.99,32.49,medium,low,8,namesilo,,,16/09/2026 21:58
70c0fed5-1489-4306-8dfb-55d286d9079c,poverty.fit,available,25.2,25.2,medium,low,7,cloudflare,,,29/09/2026 23:35
e69e9766-a147-4bcf-8579-0524bda9cd58,chattel.fit,available,2.98,45.98,medium,low,7,namecheap,,,25/08/2026 09:00
4d4e80e3-1517-428d-885d-91e6301dabce,gardener.fit,available,2.98,45.98,medium,low,8,namecheap,,,28/09/2026 09:51
41cbb848-1fdd-4ff9-8556-020d729d34b0,agrimony.fit,available,2.98,45.98,medium,low,8,namecheap,,,17/09/2026 19:30
714df3b5-af81-427a-a3c8-d750d43018eb,cancerous.fit,available,2.98,45.98,medium,low,9,namecheap,,,11/08/2026 16:33
1562def1-2989-4cd3-b2a0-64f8d3a73475,parky.fit,available,2.98,45.98,medium,low,5,namecheap,,,08/09/2026 01:38
1704f85d-8361-43dd-9260-3183a1cc81f9,binaural.fit,available,2.98,45.98,medium,low,8,namecheap,,,09/08/2026 18:40
1b33636c-6631-46ec-8958-2f943d8d272e,information.fit,resell,,,high,low,11,"Chengdu West Dimension Digital Technology Co., Ltd.",04/04/2023 07:53,04/04/2027 07:53,02/10/2026 06:48
e2646847-8c99-43e5-9d8e-dc4b82fe6737,seventies.fit,available,2.99,32.49,medium,low,9,namesilo,,,16/09/2026 12:13
b8af38e8-39f3-4ad6-a81a-2b2e86a8375e,bureaucrat.fit,available,2.99,32.49,high,low,10,namesilo,,,17/09/2026 08:44
49dc2ed1-0716-457c-a68d-2dc19676cb62,unmanned.fit,available,2.98,45.98,medium,low,8,namecheap,,,09/09/2026 13:50
e3e3ff5a-3b7c-4b4e-b708-0e39fb1e6648,nwo.fit,premium,512,29.5,high,low,3,namesilo,,,02/10/2026 13:41
16dbeed5-f57f-4acd-a5c9-1647595cce3f,galbraith.fit,available,2.99,32.49,medium,low,9,namesilo,,,29/09/2026 07:01
1de607a4-664c-4300-99d0-2cba1e4b5419,rotund.fit,available,2.98,45.98,medium,low,6,namecheap,,,13/08/2026 01:59
383d55c0-e743-4d80-b714-74c9fda27516,riotous.fit,available,2.99,46.99,medium,low,7,name.com,,,13/08/2026 20:26
8272191b-7302-48ed-8ffb-456cdeeb3350,durkheim.fit,available,1.75,26.08,high,low,8,spaceship,,,02/10/2026 04:38
e5db7dff-f238-4427-a70c-4beb26d9dd27,hyoid.fit,available,2.98,45.98,medium,low,5,namecheap,,,21/08/2026 16:35
faf24304-387c-445d-a22c-0c3f88283505,prosecutors.fit,available,1.75,26.08,medium,low,11,spaceship,,,30/09/2026 00:33
7abe5506-e583-47ce-98c0-809ee287a6a6,skanky.fit,available,2.98,45.98,medium,low,6,namecheap,,,14/08/2026 10:49
a509931e-fc26-4889-bae9-a12535d538ed,anaphor.fit,available,2.99,32.49,medium,low,7,namesilo,,,19/09/2026 02:12
c5ff7063-6b9a-4ac8-938f-1417ed3c498a,swapping.fit,available,2.99,32.49,high,low,8,namesilo,,,02/10/2026 07:39
f23cc983-8034-4f75-8789-6a3349a23999,italic.fit,available,2.98,45.98,high,low,6,namecheap,,,22/08/2026 11:37
b76ab915-2a1e-4745-99c3-62c44a7d77e0,upstate.fit,available,2.98,45.98,high,low,7,namecheap,,,16/09/2026 10:25
d08d010f-1c73-4dea-aa96-fde2698c92cb,paean.fit,available,2.98,45.98,high,low,5,namecheap,,,05/09/2026 00:45
a5b0e07d-d5e6-4d47-a972-64f1bc6d1eeb,profoundly.fit,available,2.98,45.98,high,low,10,namecheap,,,14/09/2026 11:16
11d486d1-798d-4339-90d2-f8d95174f498,dnr.fit,premium,414.2,26.08,high,low,3,spaceship,,,02/10/2026 08:32
6e2fc5f6-ca20-4ae3-a306-207a798cb93d,mimetic.fit,available,2.98,45.98,medium,low,7,namecheap,,,24/08/2026 23:27
ae21f0d5-f0dc-4462-bc0f-c71bed6fc85f,riming.fit,available,2.98,45.98,medium,low,6,namecheap,,,09/09/2026 16:55
bc1207a1-a514-4377-b083-f59d412c7b69,aeonium.fit,available,2.99,32.49,medium,low,7,namesilo,,,17/09/2026 12:40
16536fea-330e-4c8e-9eac-12a870213952,spiked.fit,available,2.98,45.98,high,medium,6,namecheap,,,10/09/2026 15:37
18718710-b048-4679-bcb6-2f2f4f6665d9,billings.fit,premium,96,29.5,high,low,8,namesilo,,,23/09/2026 16:32
309d1f66-bcae-41c3-bf34-e04fe46324ac,lamely.fit,available,2.98,45.98,low,low,6,namecheap,,,15/09/2026 10:37
2ba7690a-3c55-47a9-93f6-4242d84099c8,oaks.fit,premium,47.2,29.5,medium,low,4,namesilo,,,20/09/2026 04:44
90b77b21-dbcc-424d-9e17-3230bf7403c1,defect.fit,available,2.99,32.49,high,low,6,namesilo,,,24/09/2026 05:34
a16af5e0-7688-488e-85dd-f8d5fbd832ac,asad.fit,premium,47.2,29.5,medium,low,4,namesilo,,,02/10/2026 00:56
2b3e166d-a31a-4ebc-9cee-a7981d3a954d,philosophical.fit,available,1.75,26.08,high,low,13,spaceship,,,29/09/2026 08:37
cd079d72-e905-485d-ac9c-87dd0cc0c4f8,dares.fit,available,1.75,26.08,medium,low,5,spaceship,,,02/10/2026 02:41
c4f57905-9498-4432-8b4e-b0f7fe16874e,honoured.fit,available,1.75,26.08,medium,low,8,spaceship,,,29/09/2026 03:18
36f88377-d356-48b4-8eb7-ebc01be13f3d,trays.fit,available,1.75,26.08,medium,low,5,spaceship,,,02/10/2026 23:02
2e353535-9433-437e-8c09-adcf2395aa14,haggard.fit,available,2.98,45.98,medium,low,7,namecheap,,,10/08/2026 18:56
6ea609ec-8175-4fe2-9690-a5a61d644875,conscious.fit,resell,,,high,low,9,"Spaceship, Inc.",13/12/2025 17:23,13/12/2026 17:23,26/09/2026 05:12
b7ee3e6c-32fe-4bfa-9907-3c42b211b564,untrustworthy.fit,available,2.99,,medium,low,13,name.com,,,
87922f50-78ba-4302-9e43-24a8eaf74bcc,excellent.fit,premium,47.2,29.5,high,low,9,namesilo,,,24/09/2026 15:50
4ecbe55e-d945-456c-bf31-da6a34dcf018,orkney.fit,available,1.75,26.08,medium,low,6,spaceship,,,29/09/2026 15:23
12ba9fba-07a7-468b-9b6e-d0b5b0a27cac,mythical.fit,available,2.98,45.98,high,low,8,namecheap,,,03/09/2026 12:31
b77b4d84-b118-4d08-8a50-0037de51fdb1,ewart.fit,available,26.97,26.97,medium,low,5,dynadot,,,30/09/2026 21:28
46c03374-7c29-4db2-bea4-25062e3db7c6,dinar.fit,available,2.99,32.49,high,low,5,namesilo,,,18/09/2026 07:02
eaca1896-2476-4098-bb85-64decba9b6c5,robertson.fit,premium,96,29.5,high,low,9,namesilo,,,25/09/2026 09:45
76b6cf72-a661-4078-9f51-e438bf157aaa,peoria.fit,premium,96,29.5,high,low,6,namesilo,,,27/09/2026 04:58
809ffb0c-687a-4b21-a848-a3a29b18142b,goddam.fit,available,2.98,45.98,medium,low,6,namecheap,,,10/08/2026 12:44
c196049a-821c-4431-b707-df64933136e6,grandiose.fit,available,2.98,45.98,high,low,9,namecheap,,,20/08/2026 17:58
3477b10e-1f78-45a9-b4e2-1eb559b9d019,bulimic.fit,available,2.98,45.98,medium,low,7,namecheap,,,11/08/2026 08:26
7ebcf413-138e-4fb4-b761-6fa677b41de5,napkin.fit,available,1.75,26.08,high,low,6,spaceship,,,02/10/2026 11:40
1d286bcc-f55f-488c-97e7-34e2fc4b74f0,trashy.fit,available,2.98,45.98,medium,low,6,namecheap,,,18/08/2026 06:44
f92f84b7-f526-4d1d-8700-304267a33a10,grieving.fit,available,2.98,45.98,medium,low,8,namecheap,,,09/08/2026 15:07
eac01830-9d28-400a-b7a3-7283fd6dba84,geotechnical.fit,available,1.75,26.08,medium,low,12,spaceship,,,01/10/2026 23:13
1b79eaa1-017d-449f-bd95-522077944ff1,segmented.fit,available,2.98,45.98,medium,low,9,namecheap,,,24/08/2026 21:43
a83d73e3-6c9f-45f3-8567-a9354fff6711,rev.fit,resell,,,high,medium,3,,,,01/10/2026 21:31
20913e61-d494-4edb-bff5-af84ebed190c,notices.fit,available,2.98,45.98,medium,low,7,namecheap,,,20/09/2026 07:18
68d8c82e-f44a-47ec-9ed1-2e0f19a3d9a6,rightness.fit,available,2.99,32.49,high,low,9,namesilo,,,19/09/2026 22:23
b8de990d-d6bd-4c4a-9298-c53099414c97,farc.fit,premium,47.2,29.5,medium,low,4,namesilo,,,03/10/2026 00:42
5b005b66-6f6a-4742-935c-1f0a87bfee03,atlantis.fit,resell,,,high,low,8,"Spaceship, Inc.",04/02/2026 00:04,04/02/2027 00:04,26/09/2026 04:06
83ba2c29-38ad-413f-b01c-550b7e40c815,midterm.fit,available,25.2,25.2,high,low,7,cloudflare,,,02/10/2026 21:44
fe94c139-54ba-4c86-8a39-dcc235033a0b,divorcing.fit,available,2.99,32.49,low,low,9,namesilo,,,17/09/2026 22:37
dbfbb6f4-4c8f-4e11-ae8d-ae3b3a40f810,antinode.fit,available,2.99,32.49,medium,low,8,namesilo,,,19/09/2026 14:48
f1410287-fab6-4329-8e6b-fc0e691b0edd,mentoring.fit,resell,,,high,low,9,"Spaceship, Inc.",25/09/2026 19:59,25/09/2027 19:59,01/10/2026 21:09
537ea889-feb7-4938-96be-d20070042063,cool.fit,resell,,,high,medium,4,West263 International Limited,07/06/2018 06:42,07/06/2027 06:42,26/09/2026 05:15
733ba3ef-3a16-4c5c-8448-2c711db8ffb4,citizens.fit,available,2.99,32.49,high,low,8,namesilo,,,18/09/2026 15:13
c2717d16-ae96-4287-9f00-a2a1ee6e4918,asker.fit,available,2.99,32.49,medium,low,5,namesilo,,,20/09/2026 14:27
11d07274-77ad-4990-b3d0-8c3651c6dc6d,crafty.fit,available,2.99,32.49,high,low,6,namesilo,,,24/09/2026 01:24
66f1a2fd-9a67-4a81-a958-099dbe655e5e,subic.fit,available,2.06,26.26,medium,low,5,porkbun,,,02/10/2026 01:16
37b6f36e-c999-419e-b848-240c98af1c54,bosky.fit,available,2.98,45.98,medium,low,5,namecheap,,,10/08/2026 20:17
b6a54ddc-ec00-4d3b-acc2-f416b5517bf2,deftness.fit,available,2.99,32.49,high,low,8,namesilo,,,17/09/2026 07:43
717726be-b04b-4a83-89dd-5bf4f9903aa8,molasses.fit,available,2.99,32.49,high,low,8,namesilo,,,02/10/2026 16:08
5ccd3fb8-faa4-4c41-a6bb-6b416d517c1d,suggesting.fit,available,25.2,25.2,high,low,10,cloudflare,,,27/09/2026 17:56
0ee56154-13ca-47d5-bc3a-6bf432d39460,anole.fit,available,2.98,45.98,medium,low,5,namecheap,,,18/09/2026 19:28
b52fd5b2-cebd-48ca-b1b1-a24d1ab089f0,pause.fit,resell,,,high,low,5,,,,28/09/2026 06:34
39ca4ea5-fff2-4570-983b-a4417a7a7426,saucy.fit,available,2.98,45.98,high,low,5,namecheap,,,21/08/2026 22:17
ed763dde-6012-4c94-b445-d1e161b653a7,boil.fit,premium,41.6,26.08,medium,low,4,spaceship,,,29/09/2026 00:13
9b8fd1d6-a451-4686-95d6-03d5fc1078f8,daryl.fit,available,1.75,26.08,medium,low,5,spaceship,,,29/09/2026 04:03
839a8601-0b3d-4114-a4d7-c687fb70337b,disarmer.fit,available,2.98,45.98,medium,low,8,namecheap,,,04/09/2026 22:39
6957dd87-7845-4a66-bbaa-ab2b67f6d419,hoarding.fit,available,2.99,32.49,medium,low,8,namesilo,,,23/09/2026 16:09
61e30f86-6205-4452-81e4-fc8cd1d65d42,phrenic.fit,available,2.98,45.98,high,medium,7,namecheap,,,08/09/2026 19:21
7a86a06a-2d20-4fd5-b54d-37536edf7aa2,mop.fit,premium,87.86,27.82,high,low,3,porkbun,,,30/09/2026 05:15
82287c68-e75d-4a23-abb4-1bd40baa2afd,avoiding.fit,available,2.99,32.49,high,low,8,namesilo,,,28/09/2026 03:32
becfd100-6036-42d0-b191-019c64b09065,bowfront.fit,available,2.98,45.98,high,medium,8,namecheap,,,10/08/2026 23:19
90c8c90f-d96c-420c-9b6b-cd9c3aa22172,effects.fit,available,2.99,32.49,high,low,7,namesilo,,,27/09/2026 03:49
60ed9851-2eba-4d05-934e-b0eaaa7b7371,persons.fit,available,25.2,25.2,medium,low,7,cloudflare,,,27/09/2026 21:14
4e5049cb-b164-46d6-a6e3-12f47b510ee5,aia.fit,premium,880,26.97,high,low,3,dynadot,,,28/09/2026 21:25
85643a8c-58b9-49d4-9e73-00fdc1fdb091,ffa.fit,premium,437.19,27.82,high,low,3,porkbun,,,29/09/2026 21:38
bc53ba39-5dca-4d81-a594-ff40479de82f,dusting.fit,available,2.99,32.49,high,low,7,namesilo,,,02/10/2026 06:55
36bf9941-c0f6-400e-81c7-6e02dc07dac2,rotational.fit,available,2.98,45.98,high,medium,10,namecheap,,,09/09/2026 18:47
075305d3-864f-4663-9d71-5565aa08d287,wyoming.fit,premium,854,29.5,high,low,7,namesilo,,,29/09/2026 06:48
d0b34a28-fb27-4d0b-af25-4fc8cee2d63d,negroid.fit,available,2.98,45.98,medium,low,7,namecheap,,,03/09/2026 15:14
c0b29e90-d99e-4db5-a992-21322723564c,minsk.fit,premium,96,29.5,high,low,5,namesilo,,,28/09/2026 05:24
accc4b43-6500-4918-ab7d-9c6bf6c3f35d,baffle.fit,available,2.98,45.98,medium,low,6,namecheap,,,09/09/2026 08:20
c585e6c0-366c-42e8-a969-4142fbc85d67,shareholder.fit,available,1.75,26.08,high,low,11,spaceship,,,30/09/2026 03:52
425b4ff3-21a6-4b0e-b83c-7d1458f3ef1b,challenged.fit,available,1.75,26.08,medium,low,10,spaceship,,,28/09/2026 11:21
3f6f5634-d980-458c-9be3-88bcfd324397,runproof.fit,available,2.98,45.98,medium,low,8,namecheap,,,22/08/2026 18:28
a393a4e3-11b0-4260-911b-785ed3afe341,deane.fit,available,1.75,26.08,medium,low,5,spaceship,,,28/09/2026 12:11
61d98e8a-27d2-45ea-b02d-1161e337d0b5,gasping.fit,available,2.98,45.98,medium,low,7,namecheap,,,02/10/2026 07:24
9c185b54-25a3-4171-992f-ae0a80e1dd31,orchard.fit,resell,,,high,low,7,,,,29/09/2026 01:46
f5647e97-3578-4320-93a5-66c23dc1e05c,stern.fit,resell,2.99,,high,low,5,"Spaceship, Inc.",03/07/2026 16:35,03/07/2027 16:35,26/09/2026 09:18
0d7faea8-7632-4ac2-aa7b-a90a617ef05a,powder.fit,premium,242,29.5,high,low,6,namesilo,,,25/09/2026 23:00
dd3fa1b4-959e-4d5d-a3f9-4373959bc2e9,kildare.fit,premium,,,medium,low,7,,,,29/09/2026 09:36
5b40723a-0e29-4e96-acae-3ed392d404ba,makeshift.fit,available,2.98,45.98,high,low,9,namecheap,,,21/08/2026 23:21
78d4e229-c366-45d1-8cbe-309c07c79afa,mounted.fit,available,2.98,45.98,high,low,7,namecheap,,,25/08/2026 08:34
e8fed0d2-6a17-4006-b7c0-af4c55b7e975,unlisted.fit,available,2.98,45.98,medium,low,8,namecheap,,,12/09/2026 14:55
fd267700-7cb5-4516-ba63-76d6e66f9853,rash.fit,available,2.98,45.98,medium,low,4,namecheap,,,18/08/2026 10:31
0c159221-1420-470e-ba16-47fa186309c9,puff.fit,premium,47.2,29.5,high,low,4,namesilo,,,09/09/2026 05:34
bcd7e244-5516-4bc6-b40b-d529daa71111,semen.fit,available,25.2,25.2,medium,low,5,cloudflare,,,29/09/2026 18:24
387c7428-e166-44a2-8a96-b43adc93356a,bds.fit,premium,414.2,26.08,high,low,3,spaceship,,,30/09/2026 05:27
1c310281-19bb-439d-a0bb-0bfa7651b04f,reprints.fit,available,25.2,25.2,medium,low,8,cloudflare,,,28/09/2026 09:09
f154696a-f8d6-4813-87ed-c94788c07c71,laurens.fit,available,1.75,26.08,medium,low,7,spaceship,,,29/09/2026 07:10
6effc629-1e39-46ce-a586-fdb5d741a750,reactors.fit,available,1.75,26.08,medium,low,8,spaceship,,,29/09/2026 23:56
2bc9ee9c-926a-4f8b-894d-a2f74b22ae76,whimsy.fit,available,2.99,32.49,high,low,6,namesilo,,,20/09/2026 00:42
d3c5d500-76e2-4154-ac66-9ab6332d19b1,halls.fit,available,25.2,25.2,high,low,5,cloudflare,,,28/09/2026 13:17
8edf4fc4-23c0-4af2-ba06-09e9777bc6e6,stripper.fit,available,2.99,32.49,high,low,8,namesilo,,,29/09/2026 06:42
d47492fc-282b-42e9-968f-ac720d6961ad,behalf.fit,available,2.99,32.49,high,low,6,namesilo,,,23/09/2026 03:04
20bc3bc4-6f47-458b-a120-afdd683055ce,lucknow.fit,available,1.75,26.08,medium,low,7,spaceship,,,28/09/2026 19:45
21dea0fc-60dc-4e8c-986e-d7a0cdfff71b,sylvan.fit,available,2.98,45.98,high,medium,6,namecheap,,,10/09/2026 08:11
fd730e8e-df4a-4641-8314-aa47f3b90769,merchandise.fit,available,2.99,32.49,high,low,11,namesilo,,,02/10/2026 15:57
3133c7c9-6f4c-4202-9cde-4ee40729b204,boggy.fit,available,2.98,45.98,medium,low,5,namecheap,,,10/08/2026 17:01
2bd22071-2521-47a3-915f-4759aaaa9503,sash.fit,premium,47.2,29.5,high,low,4,namesilo,,,01/10/2026 01:27
382e6dd9-e9c6-4a17-a02a-66b0a3132fa0,querulous.fit,available,2.98,45.98,medium,low,9,namecheap,,,09/09/2026 08:33
975538fb-cddb-42df-b5de-648552b463e4,diocese.fit,available,2.99,32.49,high,low,7,namesilo,,,23/09/2026 21:58
f45dc5ba-4f56-42bf-851c-e451ef6888a1,aristocrats.fit,available,2.98,45.98,medium,low,11,namecheap,,,30/09/2026 15:48
704581b2-958c-45c4-ac29-2e218f2a9d9f,aerial.fit,resell,,,high,low,6,"Spaceship, Inc.",23/04/2026 19:56,23/04/2027 19:56,26/09/2026 01:24
9a3bebe8-5a63-41c6-8925-bf95408ba23f,scruffy.fit,available,2.98,45.98,medium,low,7,namecheap,,,10/09/2026 00:25
e9eaf56a-fcaf-4f33-8955-55479ec726b9,tse.fit,premium,520,32.5,high,low,3,namecheap,,,29/09/2026 09:12
73203622-aa93-49bc-8086-5a19782837dc,hoydenish.fit,available,2.98,45.98,low,low,9,namecheap,,,21/08/2026 14:29
021381b4-e46e-4df2-8a90-5321bb79cad8,admittedly.fit,available,2.98,45.98,medium,low,10,namecheap,,,11/09/2026 20:31
5fd0641a-2b58-4b30-ae69-2181d836ddea,cousins.fit,available,2.98,45.98,high,low,7,namecheap,,,19/09/2026 21:00
9d01c850-cf18-4b58-9b6e-86a92d97cd18,coy.fit,premium,512,29.5,high,low,3,namesilo,,,24/09/2026 01:10
34d7376d-912f-4c8e-885b-089fe62672c4,cyclonic.fit,available,2.99,46.99,medium,low,8,name.com,,,13/08/2026 13:42
b00224bc-35ad-4d5b-8137-e112dd5390df,noxious.fit,available,2.98,45.98,medium,low,7,namecheap,,,03/09/2026 22:21
e05db233-a0d6-45bc-b5ee-cfdf98c0b1af,theropod.fit,available,2.98,45.98,medium,low,8,namecheap,,,23/09/2026 19:39
b05d2337-8ff6-4e6f-ad99-807eb31177a2,differ.fit,available,25.2,25.2,high,low,6,cloudflare,,,28/09/2026 20:49
68daa8da-79b6-48d0-92c8-d849294ab9ab,malamute.fit,available,2.98,45.98,high,low,8,namecheap,,,18/09/2026 02:06
14520859-29e2-414c-b468-78bfbceca985,breastfeed.fit,available,2.99,32.49,high,low,11,namesilo,,,
db9228ff-229e-47f9-8b71-39ae3eb7b9bb,ionizing.fit,available,2.98,45.98,medium,low,8,namecheap,,,29/09/2026 08:38
53f449aa-e965-416f-8e47-d56a623a6def,academism.fit,available,2.99,46.99,medium,low,9,name.com,,,16/09/2026 20:23
d900d106-68ee-4a5d-a521-978a16b10edb,absorbance.fit,available,2.98,45.98,high,low,10,namecheap,,,16/09/2026 18:11
11e78570-a9cf-4387-be5a-7a5bab7c5cb5,tract.fit,available,26.97,26.97,high,low,5,dynadot,,,29/09/2026 07:41
cb99d4ea-ffc5-40a5-8565-9a58fb0c2209,concepcion.fit,available,2.99,32.49,medium,low,10,namesilo,,,02/10/2026 04:26
1c292f66-8a30-4c8f-b2e9-47b1dd3de7a0,spit.fit,premium,52,32.5,medium,low,4,namecheap,,,15/09/2026 20:17
9a8e55d1-fb2e-4683-ad46-35d8962ef111,shocked.fit,available,2.98,45.98,high,low,7,namecheap,,,
db934b83-96f7-4bb1-b2ad-ec81fb51bbe8,pajamas.fit,available,2.98,45.98,high,low,7,namecheap,,,02/10/2026 21:16
7ff48eb6-9a73-4496-9bb9-0f3f084791a9,arms.fit,premium,2660,29.5,high,low,4,namesilo,,,20/09/2026 07:44
6afe1f72-69b6-4257-b987-284ec25147cc,softback.fit,available,2.98,45.98,medium,low,8,namecheap,,,05/09/2026 01:13
0ddae00e-0edf-4da9-b9f9-3df4d1527d51,pays.fit,premium,47.2,29.5,medium,low,4,namesilo,,,25/09/2026 17:21
16336f0a-8357-43aa-a937-966a783f1f04,necessarily.fit,available,25.2,25.2,medium,low,11,cloudflare,,,01/10/2026 01:47
d8af7ca6-39d5-45a6-8827-6e029334e691,brummagem.fit,available,2.98,45.98,medium,low,9,namecheap,,,11/08/2026 06:42
2538ebee-29d1-43a9-95bd-34e11965bb57,sammy.fit,premium,96,29.5,high,low,5,namesilo,,,26/09/2026 03:25
a0e367d3-2e48-4f9c-b0e0-b1127610c46f,emphasise.fit,available,2.99,32.49,high,low,9,namesilo,,,16/09/2026 21:53
8d0d1d67-98ba-4b75-9fbc-6867a2ed8ed3,initiator.fit,available,1.75,26.08,high,low,9,spaceship,,,29/09/2026 13:07
a1bfb4b9-93f1-4edc-973d-f69bfac43e79,proportion.fit,available,2.98,45.98,high,low,10,namecheap,,,30/09/2026 07:43
ec47fbde-bbfc-4210-8c2d-a64208d1c49d,max.fit,premium,4140.2,26.08,high,medium,3,spaceship,,,29/09/2026 17:31
fecc0192-165d-440f-9825-c38a525ff257,undoubtedly.fit,available,26.97,26.97,high,low,11,dynadot,,,01/10/2026 13:46
f9e4d423-ae7d-4141-a4d7-58b2687bf65f,gasoline.fit,available,1.75,26.08,high,low,8,spaceship,,,27/09/2026 13:38
b81a4226-bafa-4406-a9e2-c9ac14115e49,lordless.fit,available,2.98,45.98,low,low,8,namecheap,,,24/08/2026 09:52
7b1568ea-15e0-4c45-95da-d8416bf282ae,quitting.fit,available,2.98,45.98,medium,low,8,namecheap,,,17/09/2026 01:45
54ca54c2-0fd3-4fd0-ba0f-e80d29cc7843,censure.fit,available,2.98,45.98,medium,low,7,namecheap,,,19/09/2026 08:29
d7165c80-d11d-45ef-a214-57065db6909b,almaata.fit,available,2.99,32.49,medium,low,8,namesilo,,,18/09/2026 12:23
2189b801-6179-4d25-ae8f-a0f693032b08,molybdenum.fit,available,2.99,46.99,medium,low,10,name.com,,,20/09/2026 23:05
6dcc6200-e7cc-41ca-87c2-a5203518d2ca,slowed.fit,available,2.98,45.98,medium,low,6,namecheap,,,20/09/2026 15:42
c92c5dcb-6637-442d-a086-3d11f6403aaa,friends.fit,premium,2600,32.5,high,medium,7,namecheap,,,02/10/2026 09:09
8fcd39d7-310b-4b4e-90f0-4bb114690b35,unloved.fit,available,2.98,45.98,medium,low,7,namecheap,,,12/09/2026 15:10
d70edec3-72f9-46ae-b00c-0f35e1189c06,kiss.fit,premium,242,29.5,high,low,4,namesilo,,,29/09/2026 05:31
cfcafc75-2b9e-44ad-8e80-68227fa2e883,oise.fit,premium,44,26.97,medium,low,4,dynadot,,,03/10/2026 05:05
ece60b36-1ee8-4466-9091-8b9b602f01bd,booted.fit,available,2.99,32.49,medium,low,6,namesilo,,,22/09/2026 23:43
b37199f0-327a-4cae-b2af-676f13c3347a,downscale.fit,available,2.98,45.98,medium,low,9,namecheap,,,14/08/2026 17:52
87167648-dd84-4e18-ba1c-cef31177f91c,covert.fit,available,2.99,32.49,high,low,6,namesilo,,,24/09/2026 00:53
fe14f04a-e1d7-4a85-ad3f-e7e67469bb59,pee.fit,premium,96,29.5,medium,low,3,namesilo,,,13/09/2026 09:51
232b35e5-b3ab-478d-8ec6-04ff0233d396,svp.fit,premium,512,29.5,high,low,3,namesilo,,,30/09/2026 12:33
7894e615-c226-434a-a73c-72b50af53ac1,squealer.fit,available,2.99,32.49,medium,low,8,namesilo,,,23/09/2026 11:32
f7f437db-a765-4ea5-8adc-1f61524c7e54,necessities.fit,available,2.99,,medium,low,11,name.com,,,